id,latitude,longitude,barrio,localidad,ciudad
30262,5.0592381,-75.4894771,La Estrella,Comuna Palogrande,Perímetro Urbano Manizales
31015,5.0507972,-75.4927164,Sancancio,Comuna Palogrande,Perímetro Urbano Manizales
31088,5.0458965,-75.4814159,Milán,Comuna Palogrande,Perímetro Urbano Manizales
31149,5.0707384,-75.5080046,Sierra Morena,Comuna San José,Perímetro Urbano Manizales
35536,5.0458897,-75.4813385,Milán,Comuna Palogrande,Perímetro Urbano Manizales
35777,5.0704694,-75.4927164,Villahermosa,Comuna Nuevo Horizonte,Perímetro Urbano Manizales
35835,5.0507972,-75.4927164,Sancancio,Comuna Palogrande,Perímetro Urbano Manizales
35838,5.0507972,-75.4927164,Sancancio,Comuna Palogrande,Perímetro Urbano Manizales
35875,5.0507972,-75.4927164,Sancancio,Comuna Palogrande,Perímetro Urbano Manizales
35919,5.0707384,-75.5080046,Sierra Morena,Comuna San José,Perímetro Urbano Manizales
35978,5.0704694,-75.4927164,Villahermosa,Comuna Nuevo Horizonte,Perímetro Urbano Manizales
36029,5.0507972,-75.4927164,Sancancio,Comuna Palogrande,Perímetro Urbano Manizales
36049,5.0507972,-75.4927164,Sancancio,Comuna Palogrande,Perímetro Urbano Manizales
36050,5.0507972,-75.4927164,Sancancio,Comuna Palogrande,Perímetro Urbano Manizales
36060,5.0507972,-75.4927164,Sancancio,Comuna Palogrande,Perímetro Urbano Manizales
36095,5.0707384,-75.5080046,Sierra Morena,Comuna San José,Perímetro Urbano Manizales
36110,5.0707384,-75.5080046,Sierra Morena,Comuna San José,Perímetro Urbano Manizales
36132,5.0704694,-75.4927164,Villahermosa,Comuna Nuevo Horizonte,Perímetro Urbano Manizales
36173,5.0704694,-75.4927164,Villahermosa,Comuna Nuevo Horizonte,Perímetro Urbano Manizales
36212,5.050794,-75.4934444,Sancancio,Comuna Palogrande,Perímetro Urbano Manizales
36252,5.0526701,-75.4934445,Fátima,Comuna Universitaria,Perímetro Urbano Manizales
36285,5.0704694,-75.4927164,Villahermosa,Comuna Nuevo Horizonte,Perímetro Urbano Manizales
36372,5.0707384,-75.5080046,Sierra Morena,Comuna San José,Perímetro Urbano Manizales
36403,5.0707384,-75.5080046,Sierra Morena,Comuna San José,Perímetro Urbano Manizales
36419,5.0707384,-75.5080046,Sierra Morena,Comuna San José,Perímetro Urbano Manizales
36432,5.0707384,-75.5080046,Sierra Morena,Comuna San José,Perímetro Urbano Manizales
36459,5.0707384,-75.5080046,Sierra Morena,Comuna San José,Perímetro Urbano Manizales
36490,5.0593792,-75.4941952,Belén,Comuna Palogrande,Perímetro Urbano Manizales
36497,5.0593792,-75.4941952,Belén,Comuna Palogrande,Perímetro Urbano Manizales
36504,5.0707384,-75.5080046,Sierra Morena,Comuna San José,Perímetro Urbano Manizales
36514,5.0593792,-75.4941952,Belén,Comuna Palogrande,Perímetro Urbano Manizales
36522,5.0593792,-75.4941952,Belén,Comuna Palogrande,Perímetro Urbano Manizales
36532,5.0593792,-75.4941952,Belén,Comuna Palogrande,Perímetro Urbano Manizales
36542,5.0593792,-75.4941952,Belén,Comuna Palogrande,Perímetro Urbano Manizales
36528,5.0561024,-75.4941952,Palogrande,Comuna Universitaria,Perímetro Urbano Manizales
36534,5.0593792,-75.4941952,Belén,Comuna Palogrande,Perímetro Urbano Manizales
36535,5.0593792,-75.4941952,Belén,Comuna Palogrande,Perímetro Urbano Manizales
36561,5.0593792,-75.497472,Arboleda,Comuna Palogrande,Perímetro Urbano Manizales
36539,5.0593792,-75.4941952,Belén,Comuna Palogrande,Perímetro Urbano Manizales
36543,5.0593792,-75.4941952,Belén,Comuna Palogrande,Perímetro Urbano Manizales
36544,5.0593792,-75.4941952,Belén,Comuna Palogrande,Perímetro Urbano Manizales
36545,5.0593792,-75.4941952,Belén,Comuna Palogrande,Perímetro Urbano Manizales
36546,5.0593792,-75.4941952,Belén,Comuna Palogrande,Perímetro Urbano Manizales
36559,5.0593792,-75.4941952,Belén,Comuna Palogrande,Perímetro Urbano Manizales
36549,5.0593792,-75.4941952,Belén,Comuna Palogrande,Perímetro Urbano Manizales
36553,5.0593792,-75.4941952,Belén,Comuna Palogrande,Perímetro Urbano Manizales
36555,5.0593792,-75.4941952,Belén,Comuna Palogrande,Perímetro Urbano Manizales
36562,5.0593792,-75.497472,Arboleda,Comuna Palogrande,Perímetro Urbano Manizales
36565,5.0593792,-75.497472,Arboleda,Comuna Palogrande,Perímetro Urbano Manizales
36568,5.0593792,-75.497472,Arboleda,Comuna Palogrande,Perímetro Urbano Manizales
36569,5.0593792,-75.497472,Arboleda,Comuna Palogrande,Perímetro Urbano Manizales
36583,5.0593792,-75.497472,Arboleda,Comuna Palogrande,Perímetro Urbano Manizales
36589,5.0593792,-75.497472,Arboleda,Comuna Palogrande,Perímetro Urbano Manizales
36597,5.0561024,-75.4941952,Palogrande,Comuna Universitaria,Perímetro Urbano Manizales
36599,5.0561024,-75.4941952,Palogrande,Comuna Universitaria,Perímetro Urbano Manizales
36601,5.0561024,-75.4941952,Palogrande,Comuna Universitaria,Perímetro Urbano Manizales
36605,5.0561024,-75.4941952,Palogrande,Comuna Universitaria,Perímetro Urbano Manizales
36603,5.0561024,-75.4941952,Palogrande,Comuna Universitaria,Perímetro Urbano Manizales
36607,5.0561024,-75.4941952,Palogrande,Comuna Universitaria,Perímetro Urbano Manizales
36604,5.0561024,-75.4941952,Palogrande,Comuna Universitaria,Perímetro Urbano Manizales
36608,5.0561024,-75.4941952,Palogrande,Comuna Universitaria,Perímetro Urbano Manizales
36606,5.0561024,-75.4941952,Palogrande,Comuna Universitaria,Perímetro Urbano Manizales
36619,5.0561024,-75.4941952,Palogrande,Comuna Universitaria,Perímetro Urbano Manizales
36620,5.0561024,-75.4941952,Palogrande,Comuna Universitaria,Perímetro Urbano Manizales
36636,5.0561024,-75.4909184,Palogrande,Comuna Palogrande,Perímetro Urbano Manizales
36673,5.0692096,-75.5105792,Delicias,Comuna Cumanday,Perímetro Urbano Manizales
36713,5.068202,-75.5007247,Los Cedros,Comuna La Estación,Perímetro Urbano Manizales
36739,5.0528256,-75.4909184,Palermo,Comuna Palogrande,Perímetro Urbano Manizales
36768,5.0528256,-75.4909184,Palermo,Comuna Palogrande,Perímetro Urbano Manizales
36897,5.0704694,-75.4927164,Villahermosa,Comuna Nuevo Horizonte,Perímetro Urbano Manizales
36900,5.0704694,-75.4927164,Villahermosa,Comuna Nuevo Horizonte,Perímetro Urbano Manizales
36905,5.0704694,-75.4927164,Villahermosa,Comuna Nuevo Horizonte,Perímetro Urbano Manizales
36909,5.0704694,-75.4927164,Villahermosa,Comuna Nuevo Horizonte,Perímetro Urbano Manizales
36917,5.0704694,-75.4927164,Villahermosa,Comuna Nuevo Horizonte,Perímetro Urbano Manizales
36921,5.0704694,-75.4927164,Villahermosa,Comuna Nuevo Horizonte,Perímetro Urbano Manizales
36931,5.0704694,-75.4927164,Villahermosa,Comuna Nuevo Horizonte,Perímetro Urbano Manizales
36940,5.0704694,-75.4927164,Villahermosa,Comuna Nuevo Horizonte,Perímetro Urbano Manizales
36942,5.0704694,-75.4927164,Villahermosa,Comuna Nuevo Horizonte,Perímetro Urbano Manizales
36947,5.0704694,-75.4927164,Villahermosa,Comuna Nuevo Horizonte,Perímetro Urbano Manizales
36990,5.0507972,-75.4927164,Sancancio,Comuna Palogrande,Perímetro Urbano Manizales
37005,5.0507972,-75.4927164,Sancancio,Comuna Palogrande,Perímetro Urbano Manizales
37006,5.0507972,-75.4927164,Sancancio,Comuna Palogrande,Perímetro Urbano Manizales
37016,5.0507972,-75.4927164,Sancancio,Comuna Palogrande,Perímetro Urbano Manizales
37033,5.0507972,-75.4927164,Sancancio,Comuna Palogrande,Perímetro Urbano Manizales
37046,5.0507972,-75.4927164,Sancancio,Comuna Palogrande,Perímetro Urbano Manizales
37083,5.0707384,-75.5080046,Sierra Morena,Comuna San José,Perímetro Urbano Manizales
37149,5.0593792,-75.497472,Arboleda,Comuna Palogrande,Perímetro Urbano Manizales
37169,5.0593792,-75.497472,Arboleda,Comuna Palogrande,Perímetro Urbano Manizales
37207,5.0724864,-75.5171328,Colón,Comuna San José,Perímetro Urbano Manizales
37212,5.0724864,-75.5171328,Colón,Comuna San José,Perímetro Urbano Manizales
37215,5.0724864,-75.5171328,Colón,Comuna San José,Perímetro Urbano Manizales
37213,5.0724864,-75.5171328,Colón,Comuna San José,Perímetro Urbano Manizales
37220,5.0724864,-75.5171328,Colón,Comuna San José,Perímetro Urbano Manizales
37216,5.0724864,-75.5171328,Colón,Comuna San José,Perímetro Urbano Manizales
37228,5.0724864,-75.5171328,Colón,Comuna San José,Perímetro Urbano Manizales
37232,5.0724864,-75.5171328,Colón,Comuna San José,Perímetro Urbano Manizales
37251,5.0724864,-75.5171328,Colón,Comuna San José,Perímetro Urbano Manizales
37271,5.0724864,-75.5171328,Colón,Comuna San José,Perímetro Urbano Manizales
37278,5.0724864,-75.5171328,Colón,Comuna San José,Perímetro Urbano Manizales
37295,5.0724864,-75.5171328,Colón,Comuna San José,Perímetro Urbano Manizales
37309,5.0724864,-75.5171328,Colón,Comuna San José,Perímetro Urbano Manizales
37346,5.0724864,-75.5171328,Colón,Comuna San José,Perímetro Urbano Manizales
37351,5.0724864,-75.5171328,Colón,Comuna San José,Perímetro Urbano Manizales
37349,5.0724864,-75.5171328,Colón,Comuna San José,Perímetro Urbano Manizales
37350,5.0724864,-75.5171328,Colón,Comuna San José,Perímetro Urbano Manizales
37353,5.0724864,-75.5171328,Colón,Comuna San José,Perímetro Urbano Manizales
37359,5.0724864,-75.5171328,Colón,Comuna San José,Perímetro Urbano Manizales
37384,5.0724864,-75.5171328,Colón,Comuna San José,Perímetro Urbano Manizales
37395,5.0724864,-75.5171328,Colón,Comuna San José,Perímetro Urbano Manizales
37401,5.0724864,-75.5171328,Colón,Comuna San José,Perímetro Urbano Manizales
37446,5.0724864,-75.5171328,Colón,Comuna San José,Perímetro Urbano Manizales
37479,5.0724864,-75.5171328,Colón,Comuna San José,Perímetro Urbano Manizales
37489,5.0724864,-75.5171328,Colón,Comuna San José,Perímetro Urbano Manizales
37495,5.0724864,-75.5171328,Colón,Comuna San José,Perímetro Urbano Manizales
37555,5.0724864,-75.5171328,Colón,Comuna San José,Perímetro Urbano Manizales
37564,5.0724864,-75.5171328,Colón,Comuna San José,Perímetro Urbano Manizales
37580,5.0724864,-75.5171328,Colón,Comuna San José,Perímetro Urbano Manizales
37608,5.0724864,-75.5171328,Colón,Comuna San José,Perímetro Urbano Manizales
37611,5.0724864,-75.5171328,Colón,Comuna San José,Perímetro Urbano Manizales
37669,5.0659328,-75.5105792,Fundadores,Comuna Cumanday,Perímetro Urbano Manizales
37670,5.0659328,-75.5105792,Fundadores,Comuna Cumanday,Perímetro Urbano Manizales
37753,5.0724864,-75.5171328,Colón,Comuna San José,Perímetro Urbano Manizales
37785,5.0692096,-75.513856,Los Agustinos,Comuna Cumanday,Perímetro Urbano Manizales
37796,5.0692096,-75.513856,Los Agustinos,Comuna Cumanday,Perímetro Urbano Manizales
37811,5.0692096,-75.513856,Los Agustinos,Comuna Cumanday,Perímetro Urbano Manizales
37822,5.0724864,-75.5171328,Colón,Comuna San José,Perímetro Urbano Manizales
37836,5.0724864,-75.5171328,Colón,Comuna San José,Perímetro Urbano Manizales
37840,5.0724864,-75.5171328,Colón,Comuna San José,Perímetro Urbano Manizales
37857,5.0724864,-75.5171328,Colón,Comuna San José,Perímetro Urbano Manizales
37882,5.0724864,-75.5171328,Colón,Comuna San José,Perímetro Urbano Manizales
37962,5.0724864,-75.5171328,Colón,Comuna San José,Perímetro Urbano Manizales
37961,5.0724864,-75.5171328,Colón,Comuna San José,Perímetro Urbano Manizales
37995,5.0724864,-75.5171328,Colón,Comuna San José,Perímetro Urbano Manizales
38024,5.0692096,-75.513856,Los Agustinos,Comuna Cumanday,Perímetro Urbano Manizales
38079,5.0495488,-75.481088,Residencias Manizales,Comuna Ecoturística Cerro de Oro,Perímetro Urbano Manizales
38105,5.0724864,-75.5171328,Colón,Comuna San José,Perímetro Urbano Manizales
38176,5.0724864,-75.5171328,Colón,Comuna San José,Perímetro Urbano Manizales
38198,5.0724864,-75.5171328,Colón,Comuna San José,Perímetro Urbano Manizales
38253,5.0724864,-75.5171328,Colón,Comuna San José,Perímetro Urbano Manizales
38307,5.0724864,-75.5171328,Colón,Comuna San José,Perímetro Urbano Manizales
38308,5.0724864,-75.5171328,Colón,Comuna San José,Perímetro Urbano Manizales
38310,5.0724864,-75.5171328,Colón,Comuna San José,Perímetro Urbano Manizales
38343,5.0461049,-75.5087326,Urapanes,,Cabecera Municipal Villamaría
39380,5.0547905,-75.4870113,Guayacanes,Comuna Palogrande,Perímetro Urbano Manizales
39371,5.0592276,-75.4894657,La Estrella,Comuna Palogrande,Perímetro Urbano Manizales
39370,5.0592139,-75.4894495,La Estrella,Comuna Palogrande,Perímetro Urbano Manizales
38407,5.0724864,-75.5171328,Colón,Comuna San José,Perímetro Urbano Manizales
38427,5.0724864,-75.5171328,Colón,Comuna San José,Perímetro Urbano Manizales
38441,5.0724864,-75.5171328,Colón,Comuna San José,Perímetro Urbano Manizales
38447,5.0724864,-75.5171328,Colón,Comuna San José,Perímetro Urbano Manizales
38450,5.0724864,-75.5171328,Colón,Comuna San José,Perímetro Urbano Manizales
38456,5.0724864,-75.5171328,Colón,Comuna San José,Perímetro Urbano Manizales
38466,5.0724864,-75.5171328,Colón,Comuna San José,Perímetro Urbano Manizales
38469,5.0724864,-75.5171328,Colón,Comuna San José,Perímetro Urbano Manizales
38483,5.0724864,-75.5171328,Colón,Comuna San José,Perímetro Urbano Manizales
38488,5.0724864,-75.5171328,Colón,Comuna San José,Perímetro Urbano Manizales
38506,5.0724864,-75.5171328,Colón,Comuna San José,Perímetro Urbano Manizales
38513,5.0724864,-75.5171328,Colón,Comuna San José,Perímetro Urbano Manizales
38512,5.0724864,-75.5171328,Colón,Comuna San José,Perímetro Urbano Manizales
38508,5.0724864,-75.5171328,Colón,Comuna San José,Perímetro Urbano Manizales
38510,5.0724864,-75.5171328,Colón,Comuna San José,Perímetro Urbano Manizales
38511,5.0724864,-75.5171328,Colón,Comuna San José,Perímetro Urbano Manizales
38514,5.0724864,-75.5171328,Colón,Comuna San José,Perímetro Urbano Manizales
38515,5.0724864,-75.5171328,Colón,Comuna San José,Perímetro Urbano Manizales
38521,5.0724864,-75.5171328,Colón,Comuna San José,Perímetro Urbano Manizales
38542,5.0724864,-75.5171328,Colón,Comuna San José,Perímetro Urbano Manizales
38554,5.0724864,-75.5171328,Colón,Comuna San José,Perímetro Urbano Manizales
38561,5.0724864,-75.5171328,Colón,Comuna San José,Perímetro Urbano Manizales
38557,5.0724864,-75.5171328,Colón,Comuna San José,Perímetro Urbano Manizales
38559,5.0724864,-75.5171328,Colón,Comuna San José,Perímetro Urbano Manizales
38562,5.0724864,-75.5171328,Colón,Comuna San José,Perímetro Urbano Manizales
38564,5.0724864,-75.5171328,Colón,Comuna San José,Perímetro Urbano Manizales
38573,5.0724864,-75.5171328,Colón,Comuna San José,Perímetro Urbano Manizales
38565,5.0724864,-75.5171328,Colón,Comuna San José,Perímetro Urbano Manizales
38566,5.0724864,-75.5171328,Colón,Comuna San José,Perímetro Urbano Manizales
38567,5.0724864,-75.5171328,Colón,Comuna San José,Perímetro Urbano Manizales
38568,5.0724864,-75.5171328,Colón,Comuna San José,Perímetro Urbano Manizales
38570,5.0724864,-75.5171328,Colón,Comuna San José,Perímetro Urbano Manizales
38571,5.0724864,-75.5171328,Colón,Comuna San José,Perímetro Urbano Manizales
38572,5.0724864,-75.5171328,Colón,Comuna San José,Perímetro Urbano Manizales
38574,5.0724864,-75.5171328,Colón,Comuna San José,Perímetro Urbano Manizales
38575,5.0724864,-75.5171328,Colón,Comuna San José,Perímetro Urbano Manizales
38578,5.0724864,-75.5171328,Colón,Comuna San José,Perímetro Urbano Manizales
38576,5.0724864,-75.5171328,Colón,Comuna San José,Perímetro Urbano Manizales
38577,5.0724864,-75.5171328,Colón,Comuna San José,Perímetro Urbano Manizales
38580,5.0724864,-75.5171328,Colón,Comuna San José,Perímetro Urbano Manizales
38582,5.0724864,-75.5171328,Colón,Comuna San José,Perímetro Urbano Manizales
38581,5.0724864,-75.5171328,Colón,Comuna San José,Perímetro Urbano Manizales
38585,5.0724864,-75.5171328,Colón,Comuna San José,Perímetro Urbano Manizales
38584,5.0692096,-75.513856,Los Agustinos,Comuna Cumanday,Perímetro Urbano Manizales
38614,5.0724864,-75.5171328,Colón,Comuna San José,Perímetro Urbano Manizales
38587,5.0724864,-75.5171328,Colón,Comuna San José,Perímetro Urbano Manizales
38588,5.0724864,-75.5171328,Colón,Comuna San José,Perímetro Urbano Manizales
38589,5.0724864,-75.5171328,Colón,Comuna San José,Perímetro Urbano Manizales
38590,5.0724864,-75.5171328,Colón,Comuna San José,Perímetro Urbano Manizales
38591,5.0724864,-75.5171328,Colón,Comuna San José,Perímetro Urbano Manizales
38592,5.0724864,-75.5171328,Colón,Comuna San José,Perímetro Urbano Manizales
38596,5.0724864,-75.5171328,Colón,Comuna San José,Perímetro Urbano Manizales
38611,5.0724864,-75.5171328,Colón,Comuna San José,Perímetro Urbano Manizales
38599,5.0724864,-75.5171328,Colón,Comuna San José,Perímetro Urbano Manizales
38600,5.0724864,-75.5171328,Colón,Comuna San José,Perímetro Urbano Manizales
38601,5.0724864,-75.5171328,Colón,Comuna San José,Perímetro Urbano Manizales
38602,5.0724864,-75.5171328,Colón,Comuna San José,Perímetro Urbano Manizales
39369,5.0592276,-75.4894657,La Estrella,Comuna Palogrande,Perímetro Urbano Manizales
38605,5.0724864,-75.5171328,Colón,Comuna San José,Perímetro Urbano Manizales
38607,5.0724864,-75.5171328,Colón,Comuna San José,Perímetro Urbano Manizales
38608,5.0724864,-75.5171328,Colón,Comuna San José,Perímetro Urbano Manizales
38609,5.0724864,-75.5171328,Colón,Comuna San José,Perímetro Urbano Manizales
38610,5.0724864,-75.5171328,Colón,Comuna San José,Perímetro Urbano Manizales
38612,5.0724864,-75.5171328,Colón,Comuna San José,Perímetro Urbano Manizales
38613,5.0724864,-75.5171328,Colón,Comuna San José,Perímetro Urbano Manizales
38616,5.0724864,-75.5171328,Colón,Comuna San José,Perímetro Urbano Manizales
38615,5.0724864,-75.5171328,Colón,Comuna San José,Perímetro Urbano Manizales
38617,5.0724864,-75.5171328,Colón,Comuna San José,Perímetro Urbano Manizales
38618,5.0724864,-75.5171328,Colón,Comuna San José,Perímetro Urbano Manizales
38619,5.0724864,-75.5171328,Colón,Comuna San José,Perímetro Urbano Manizales
38620,5.0724864,-75.5171328,Colón,Comuna San José,Perímetro Urbano Manizales
38621,5.0724864,-75.5171328,Colón,Comuna San José,Perímetro Urbano Manizales
38623,5.0724864,-75.5171328,Colón,Comuna San José,Perímetro Urbano Manizales
38624,5.0724864,-75.5171328,Colón,Comuna San José,Perímetro Urbano Manizales
38625,5.0724864,-75.5171328,Colón,Comuna San José,Perímetro Urbano Manizales
38628,5.0724864,-75.5171328,Colón,Comuna San José,Perímetro Urbano Manizales
38627,5.0724864,-75.5171328,Colón,Comuna San José,Perímetro Urbano Manizales
38629,5.0724864,-75.5171328,Colón,Comuna San José,Perímetro Urbano Manizales
38633,5.0724864,-75.5171328,Colón,Comuna San José,Perímetro Urbano Manizales
38634,5.0724864,-75.5171328,Colón,Comuna San José,Perímetro Urbano Manizales
38635,5.0724864,-75.5171328,Colón,Comuna San José,Perímetro Urbano Manizales
38833,5.0724864,-75.5171328,Colón,Comuna San José,Perímetro Urbano Manizales
38636,5.0724864,-75.5171328,Colón,Comuna San José,Perímetro Urbano Manizales
38637,5.0724864,-75.5171328,Colón,Comuna San José,Perímetro Urbano Manizales
38639,5.0724864,-75.5171328,Colón,Comuna San José,Perímetro Urbano Manizales
38641,5.0724864,-75.5171328,Colón,Comuna San José,Perímetro Urbano Manizales
38640,5.0724864,-75.5171328,Colón,Comuna San José,Perímetro Urbano Manizales
38642,5.0724864,-75.5171328,Colón,Comuna San José,Perímetro Urbano Manizales
38643,5.0692096,-75.513856,Los Agustinos,Comuna Cumanday,Perímetro Urbano Manizales
38644,5.0692096,-75.513856,Los Agustinos,Comuna Cumanday,Perímetro Urbano Manizales
38645,5.0692096,-75.513856,Los Agustinos,Comuna Cumanday,Perímetro Urbano Manizales
38647,5.0692096,-75.513856,Los Agustinos,Comuna Cumanday,Perímetro Urbano Manizales
38646,5.0692096,-75.513856,Los Agustinos,Comuna Cumanday,Perímetro Urbano Manizales
38648,5.0692096,-75.513856,Los Agustinos,Comuna Cumanday,Perímetro Urbano Manizales
38649,5.0692096,-75.513856,Los Agustinos,Comuna Cumanday,Perímetro Urbano Manizales
38650,5.0692096,-75.513856,Los Agustinos,Comuna Cumanday,Perímetro Urbano Manizales
38651,5.0692096,-75.513856,Los Agustinos,Comuna Cumanday,Perímetro Urbano Manizales
38654,5.0692096,-75.513856,Los Agustinos,Comuna Cumanday,Perímetro Urbano Manizales
38652,5.0692096,-75.513856,Los Agustinos,Comuna Cumanday,Perímetro Urbano Manizales
38653,5.0692096,-75.513856,Los Agustinos,Comuna Cumanday,Perímetro Urbano Manizales
38655,5.0692096,-75.513856,Los Agustinos,Comuna Cumanday,Perímetro Urbano Manizales
38656,5.0692096,-75.513856,Los Agustinos,Comuna Cumanday,Perímetro Urbano Manizales
38657,5.0692096,-75.513856,Los Agustinos,Comuna Cumanday,Perímetro Urbano Manizales
38658,5.0692096,-75.513856,Los Agustinos,Comuna Cumanday,Perímetro Urbano Manizales
38659,5.0692096,-75.513856,Los Agustinos,Comuna Cumanday,Perímetro Urbano Manizales
38660,5.0692096,-75.513856,Los Agustinos,Comuna Cumanday,Perímetro Urbano Manizales
38661,5.0692096,-75.513856,Los Agustinos,Comuna Cumanday,Perímetro Urbano Manizales
38662,5.0692096,-75.513856,Los Agustinos,Comuna Cumanday,Perímetro Urbano Manizales
38663,5.0692096,-75.513856,Los Agustinos,Comuna Cumanday,Perímetro Urbano Manizales
38664,5.0692096,-75.513856,Los Agustinos,Comuna Cumanday,Perímetro Urbano Manizales
38665,5.0692096,-75.513856,Los Agustinos,Comuna Cumanday,Perímetro Urbano Manizales
38666,5.0692096,-75.513856,Los Agustinos,Comuna Cumanday,Perímetro Urbano Manizales
38671,5.0692096,-75.513856,Los Agustinos,Comuna Cumanday,Perímetro Urbano Manizales
38668,5.0692096,-75.513856,Los Agustinos,Comuna Cumanday,Perímetro Urbano Manizales
38669,5.0692096,-75.513856,Los Agustinos,Comuna Cumanday,Perímetro Urbano Manizales
38670,5.0692096,-75.513856,Los Agustinos,Comuna Cumanday,Perímetro Urbano Manizales
38672,5.0692096,-75.513856,Los Agustinos,Comuna Cumanday,Perímetro Urbano Manizales
38673,5.0692096,-75.513856,Los Agustinos,Comuna Cumanday,Perímetro Urbano Manizales
38674,5.0692096,-75.513856,Los Agustinos,Comuna Cumanday,Perímetro Urbano Manizales
38675,5.0692096,-75.513856,Los Agustinos,Comuna Cumanday,Perímetro Urbano Manizales
38677,5.0692096,-75.513856,Los Agustinos,Comuna Cumanday,Perímetro Urbano Manizales
38678,5.0692096,-75.513856,Los Agustinos,Comuna Cumanday,Perímetro Urbano Manizales
38679,5.0692096,-75.513856,Los Agustinos,Comuna Cumanday,Perímetro Urbano Manizales
38680,5.0692096,-75.513856,Los Agustinos,Comuna Cumanday,Perímetro Urbano Manizales
38681,5.0692096,-75.513856,Los Agustinos,Comuna Cumanday,Perímetro Urbano Manizales
38682,5.0692096,-75.513856,Los Agustinos,Comuna Cumanday,Perímetro Urbano Manizales
38683,5.0692096,-75.513856,Los Agustinos,Comuna Cumanday,Perímetro Urbano Manizales
38684,5.0692096,-75.513856,Los Agustinos,Comuna Cumanday,Perímetro Urbano Manizales
38685,5.0692096,-75.513856,Los Agustinos,Comuna Cumanday,Perímetro Urbano Manizales
38688,5.0692096,-75.513856,Los Agustinos,Comuna Cumanday,Perímetro Urbano Manizales
38687,5.0692096,-75.513856,Los Agustinos,Comuna Cumanday,Perímetro Urbano Manizales
38689,5.0692096,-75.513856,Los Agustinos,Comuna Cumanday,Perímetro Urbano Manizales
38690,5.0692096,-75.513856,Los Agustinos,Comuna Cumanday,Perímetro Urbano Manizales
38691,5.0692096,-75.513856,Los Agustinos,Comuna Cumanday,Perímetro Urbano Manizales
38692,5.0692096,-75.513856,Los Agustinos,Comuna Cumanday,Perímetro Urbano Manizales
38693,5.0692096,-75.513856,Los Agustinos,Comuna Cumanday,Perímetro Urbano Manizales
38694,5.0692096,-75.513856,Los Agustinos,Comuna Cumanday,Perímetro Urbano Manizales
38696,5.0692096,-75.513856,Los Agustinos,Comuna Cumanday,Perímetro Urbano Manizales
38695,5.0692096,-75.513856,Los Agustinos,Comuna Cumanday,Perímetro Urbano Manizales
38697,5.0692096,-75.513856,Los Agustinos,Comuna Cumanday,Perímetro Urbano Manizales
38701,5.0692096,-75.513856,Los Agustinos,Comuna Cumanday,Perímetro Urbano Manizales
38698,5.0692096,-75.513856,Los Agustinos,Comuna Cumanday,Perímetro Urbano Manizales
38699,5.0692096,-75.513856,Los Agustinos,Comuna Cumanday,Perímetro Urbano Manizales
38700,5.0692096,-75.513856,Los Agustinos,Comuna Cumanday,Perímetro Urbano Manizales
38704,5.0692096,-75.513856,Los Agustinos,Comuna Cumanday,Perímetro Urbano Manizales
38702,5.0692096,-75.513856,Los Agustinos,Comuna Cumanday,Perímetro Urbano Manizales
38703,5.0692096,-75.513856,Los Agustinos,Comuna Cumanday,Perímetro Urbano Manizales
38705,5.0692096,-75.513856,Los Agustinos,Comuna Cumanday,Perímetro Urbano Manizales
38706,5.0692096,-75.513856,Los Agustinos,Comuna Cumanday,Perímetro Urbano Manizales
38707,5.0692096,-75.513856,Los Agustinos,Comuna Cumanday,Perímetro Urbano Manizales
38708,5.0692096,-75.513856,Los Agustinos,Comuna Cumanday,Perímetro Urbano Manizales
38709,5.0692096,-75.513856,Los Agustinos,Comuna Cumanday,Perímetro Urbano Manizales
38711,5.0692096,-75.513856,Los Agustinos,Comuna Cumanday,Perímetro Urbano Manizales
38712,5.0692096,-75.513856,Los Agustinos,Comuna Cumanday,Perímetro Urbano Manizales
38714,5.0692096,-75.513856,Los Agustinos,Comuna Cumanday,Perímetro Urbano Manizales
38744,5.0692096,-75.513856,Los Agustinos,Comuna Cumanday,Perímetro Urbano Manizales
38719,5.0692096,-75.513856,Los Agustinos,Comuna Cumanday,Perímetro Urbano Manizales
38713,5.0692096,-75.513856,Los Agustinos,Comuna Cumanday,Perímetro Urbano Manizales
38715,5.0692096,-75.513856,Los Agustinos,Comuna Cumanday,Perímetro Urbano Manizales
38716,5.0692096,-75.513856,Los Agustinos,Comuna Cumanday,Perímetro Urbano Manizales
38717,5.0692096,-75.513856,Los Agustinos,Comuna Cumanday,Perímetro Urbano Manizales
38718,5.0692096,-75.513856,Los Agustinos,Comuna Cumanday,Perímetro Urbano Manizales
38720,5.0692096,-75.513856,Los Agustinos,Comuna Cumanday,Perímetro Urbano Manizales
38721,5.0692096,-75.513856,Los Agustinos,Comuna Cumanday,Perímetro Urbano Manizales
38733,5.0692096,-75.513856,Los Agustinos,Comuna Cumanday,Perímetro Urbano Manizales
38723,5.0692096,-75.513856,Los Agustinos,Comuna Cumanday,Perímetro Urbano Manizales
38724,5.0692096,-75.513856,Los Agustinos,Comuna Cumanday,Perímetro Urbano Manizales
38725,5.0692096,-75.513856,Los Agustinos,Comuna Cumanday,Perímetro Urbano Manizales
38726,5.0692096,-75.513856,Los Agustinos,Comuna Cumanday,Perímetro Urbano Manizales
38727,5.0692096,-75.513856,Los Agustinos,Comuna Cumanday,Perímetro Urbano Manizales
38728,5.0692096,-75.513856,Los Agustinos,Comuna Cumanday,Perímetro Urbano Manizales
38729,5.0692096,-75.513856,Los Agustinos,Comuna Cumanday,Perímetro Urbano Manizales
38730,5.0692096,-75.513856,Los Agustinos,Comuna Cumanday,Perímetro Urbano Manizales
38731,5.0692096,-75.513856,Los Agustinos,Comuna Cumanday,Perímetro Urbano Manizales
38739,5.0692096,-75.513856,Los Agustinos,Comuna Cumanday,Perímetro Urbano Manizales
38732,5.0692096,-75.513856,Los Agustinos,Comuna Cumanday,Perímetro Urbano Manizales
38734,5.0692096,-75.513856,Los Agustinos,Comuna Cumanday,Perímetro Urbano Manizales
38736,5.0692096,-75.513856,Los Agustinos,Comuna Cumanday,Perímetro Urbano Manizales
38737,5.0692096,-75.513856,Los Agustinos,Comuna Cumanday,Perímetro Urbano Manizales
38738,5.0692096,-75.513856,Los Agustinos,Comuna Cumanday,Perímetro Urbano Manizales
38740,5.0692096,-75.513856,Los Agustinos,Comuna Cumanday,Perímetro Urbano Manizales
38741,5.0692096,-75.513856,Los Agustinos,Comuna Cumanday,Perímetro Urbano Manizales
38742,5.0692096,-75.513856,Los Agustinos,Comuna Cumanday,Perímetro Urbano Manizales
38743,5.0692096,-75.513856,Los Agustinos,Comuna Cumanday,Perímetro Urbano Manizales
38808,5.0692096,-75.513856,Los Agustinos,Comuna Cumanday,Perímetro Urbano Manizales
38782,5.0692096,-75.513856,Los Agustinos,Comuna Cumanday,Perímetro Urbano Manizales
38745,5.0692096,-75.513856,Los Agustinos,Comuna Cumanday,Perímetro Urbano Manizales
38747,5.0692096,-75.513856,Los Agustinos,Comuna Cumanday,Perímetro Urbano Manizales
38748,5.0692096,-75.513856,Los Agustinos,Comuna Cumanday,Perímetro Urbano Manizales
38749,5.0692096,-75.513856,Los Agustinos,Comuna Cumanday,Perímetro Urbano Manizales
38750,5.0692096,-75.513856,Los Agustinos,Comuna Cumanday,Perímetro Urbano Manizales
38752,5.0692096,-75.513856,Los Agustinos,Comuna Cumanday,Perímetro Urbano Manizales
38751,5.0692096,-75.513856,Los Agustinos,Comuna Cumanday,Perímetro Urbano Manizales
38753,5.0692096,-75.513856,Los Agustinos,Comuna Cumanday,Perímetro Urbano Manizales
38754,5.0692096,-75.513856,Los Agustinos,Comuna Cumanday,Perímetro Urbano Manizales
38755,5.0692096,-75.513856,Los Agustinos,Comuna Cumanday,Perímetro Urbano Manizales
38763,5.0692096,-75.513856,Los Agustinos,Comuna Cumanday,Perímetro Urbano Manizales
38758,5.0692096,-75.513856,Los Agustinos,Comuna Cumanday,Perímetro Urbano Manizales
38803,5.0692096,-75.513856,Los Agustinos,Comuna Cumanday,Perímetro Urbano Manizales
38761,5.0692096,-75.513856,Los Agustinos,Comuna Cumanday,Perímetro Urbano Manizales
38760,5.0692096,-75.513856,Los Agustinos,Comuna Cumanday,Perímetro Urbano Manizales
38762,5.0692096,-75.513856,Los Agustinos,Comuna Cumanday,Perímetro Urbano Manizales
38765,5.0692096,-75.513856,Los Agustinos,Comuna Cumanday,Perímetro Urbano Manizales
38766,5.0692096,-75.513856,Los Agustinos,Comuna Cumanday,Perímetro Urbano Manizales
38770,5.0692096,-75.513856,Los Agustinos,Comuna Cumanday,Perímetro Urbano Manizales
38769,5.0692096,-75.513856,Los Agustinos,Comuna Cumanday,Perímetro Urbano Manizales
38771,5.0692096,-75.513856,Los Agustinos,Comuna Cumanday,Perímetro Urbano Manizales
38773,5.0692096,-75.513856,Los Agustinos,Comuna Cumanday,Perímetro Urbano Manizales
38796,5.0692096,-75.513856,Los Agustinos,Comuna Cumanday,Perímetro Urbano Manizales
38774,5.0692096,-75.513856,Los Agustinos,Comuna Cumanday,Perímetro Urbano Manizales
38775,5.0692096,-75.513856,Los Agustinos,Comuna Cumanday,Perímetro Urbano Manizales
38776,5.0692096,-75.513856,Los Agustinos,Comuna Cumanday,Perímetro Urbano Manizales
38777,5.0692096,-75.513856,Los Agustinos,Comuna Cumanday,Perímetro Urbano Manizales
38779,5.0692096,-75.5105792,Delicias,Comuna Cumanday,Perímetro Urbano Manizales
38778,5.0692096,-75.513856,Los Agustinos,Comuna Cumanday,Perímetro Urbano Manizales
38780,5.0692096,-75.513856,Los Agustinos,Comuna Cumanday,Perímetro Urbano Manizales
38783,5.0692096,-75.513856,Los Agustinos,Comuna Cumanday,Perímetro Urbano Manizales
38784,5.0692096,-75.513856,Los Agustinos,Comuna Cumanday,Perímetro Urbano Manizales
38785,5.0692096,-75.513856,Los Agustinos,Comuna Cumanday,Perímetro Urbano Manizales
38786,5.0692096,-75.513856,Los Agustinos,Comuna Cumanday,Perímetro Urbano Manizales
38787,5.0692096,-75.513856,Los Agustinos,Comuna Cumanday,Perímetro Urbano Manizales
38805,5.0692096,-75.513856,Los Agustinos,Comuna Cumanday,Perímetro Urbano Manizales
38788,5.0692096,-75.513856,Los Agustinos,Comuna Cumanday,Perímetro Urbano Manizales
38789,5.0692096,-75.513856,Los Agustinos,Comuna Cumanday,Perímetro Urbano Manizales
38790,5.0692096,-75.513856,Los Agustinos,Comuna Cumanday,Perímetro Urbano Manizales
38797,5.0692096,-75.513856,Los Agustinos,Comuna Cumanday,Perímetro Urbano Manizales
38791,5.0692096,-75.513856,Los Agustinos,Comuna Cumanday,Perímetro Urbano Manizales
38795,5.0692096,-75.513856,Los Agustinos,Comuna Cumanday,Perímetro Urbano Manizales
38792,5.0692096,-75.513856,Los Agustinos,Comuna Cumanday,Perímetro Urbano Manizales
38793,5.0692096,-75.513856,Los Agustinos,Comuna Cumanday,Perímetro Urbano Manizales
38794,5.0692096,-75.513856,Los Agustinos,Comuna Cumanday,Perímetro Urbano Manizales
38798,5.0692096,-75.513856,Los Agustinos,Comuna Cumanday,Perímetro Urbano Manizales
38818,5.0692096,-75.5105792,Delicias,Comuna Cumanday,Perímetro Urbano Manizales
38799,5.0692096,-75.513856,Los Agustinos,Comuna Cumanday,Perímetro Urbano Manizales
38800,5.0692096,-75.513856,Los Agustinos,Comuna Cumanday,Perímetro Urbano Manizales
38801,5.0692096,-75.513856,Los Agustinos,Comuna Cumanday,Perímetro Urbano Manizales
38802,5.0692096,-75.513856,Los Agustinos,Comuna Cumanday,Perímetro Urbano Manizales
38804,5.0692096,-75.513856,Los Agustinos,Comuna Cumanday,Perímetro Urbano Manizales
38806,5.0692096,-75.513856,Los Agustinos,Comuna Cumanday,Perímetro Urbano Manizales
38809,5.0692096,-75.513856,Los Agustinos,Comuna Cumanday,Perímetro Urbano Manizales
38811,5.0692096,-75.5105792,Delicias,Comuna Cumanday,Perímetro Urbano Manizales
38810,5.0692096,-75.5105792,Delicias,Comuna Cumanday,Perímetro Urbano Manizales
38815,5.0692096,-75.5105792,Delicias,Comuna Cumanday,Perímetro Urbano Manizales
38812,5.0692096,-75.5105792,Delicias,Comuna Cumanday,Perímetro Urbano Manizales
38813,5.0692096,-75.5105792,Delicias,Comuna Cumanday,Perímetro Urbano Manizales
38814,5.0724864,-75.5171328,Colón,Comuna San José,Perímetro Urbano Manizales
38816,5.0692096,-75.5105792,Delicias,Comuna Cumanday,Perímetro Urbano Manizales
38817,5.0692096,-75.5105792,Delicias,Comuna Cumanday,Perímetro Urbano Manizales
38819,5.0692096,-75.5105792,Delicias,Comuna Cumanday,Perímetro Urbano Manizales
38821,5.0724864,-75.5171328,Colón,Comuna San José,Perímetro Urbano Manizales
38822,5.0692096,-75.5105792,Delicias,Comuna Cumanday,Perímetro Urbano Manizales
38823,5.0692096,-75.5105792,Delicias,Comuna Cumanday,Perímetro Urbano Manizales
38824,5.0724864,-75.5171328,Colón,Comuna San José,Perímetro Urbano Manizales
38825,5.0724864,-75.5171328,Colón,Comuna San José,Perímetro Urbano Manizales
38826,5.0724864,-75.5171328,Colón,Comuna San José,Perímetro Urbano Manizales
38827,5.0724864,-75.5171328,Colón,Comuna San José,Perímetro Urbano Manizales
38834,5.0724864,-75.5171328,Colón,Comuna San José,Perímetro Urbano Manizales
38828,5.0724864,-75.5171328,Colón,Comuna San José,Perímetro Urbano Manizales
38829,5.0724864,-75.5171328,Colón,Comuna San José,Perímetro Urbano Manizales
38830,5.0724864,-75.5171328,Colón,Comuna San José,Perímetro Urbano Manizales
38835,5.0724864,-75.5171328,Colón,Comuna San José,Perímetro Urbano Manizales
38831,5.0724864,-75.5171328,Colón,Comuna San José,Perímetro Urbano Manizales
38832,5.0724864,-75.5171328,Colón,Comuna San José,Perímetro Urbano Manizales
38836,5.0724864,-75.5171328,Colón,Comuna San José,Perímetro Urbano Manizales
38837,5.0724864,-75.5171328,Colón,Comuna San José,Perímetro Urbano Manizales
38838,5.0724864,-75.5171328,Colón,Comuna San José,Perímetro Urbano Manizales
38839,5.0724864,-75.5171328,Colón,Comuna San José,Perímetro Urbano Manizales
38840,5.0724864,-75.5171328,Colón,Comuna San José,Perímetro Urbano Manizales
38841,5.0724864,-75.5171328,Colón,Comuna San José,Perímetro Urbano Manizales
38843,5.0724864,-75.5171328,Colón,Comuna San José,Perímetro Urbano Manizales
38844,5.0724864,-75.5171328,Colón,Comuna San José,Perímetro Urbano Manizales
38845,5.0724864,-75.5171328,Colón,Comuna San José,Perímetro Urbano Manizales
38846,5.0724864,-75.5171328,Colón,Comuna San José,Perímetro Urbano Manizales
38847,5.0724864,-75.5171328,Colón,Comuna San José,Perímetro Urbano Manizales
38848,5.0724864,-75.5171328,Colón,Comuna San José,Perímetro Urbano Manizales
38849,5.0724864,-75.5171328,Colón,Comuna San José,Perímetro Urbano Manizales
38850,5.0724864,-75.5171328,Colón,Comuna San José,Perímetro Urbano Manizales
38851,5.0724864,-75.5171328,Colón,Comuna San José,Perímetro Urbano Manizales
38853,5.0724864,-75.5171328,Colón,Comuna San José,Perímetro Urbano Manizales
38854,5.0724864,-75.5171328,Colón,Comuna San José,Perímetro Urbano Manizales
38855,5.0692096,-75.513856,Los Agustinos,Comuna Cumanday,Perímetro Urbano Manizales
38856,5.0692096,-75.513856,Los Agustinos,Comuna Cumanday,Perímetro Urbano Manizales
38857,5.0692096,-75.513856,Los Agustinos,Comuna Cumanday,Perímetro Urbano Manizales
38859,5.0692096,-75.513856,Los Agustinos,Comuna Cumanday,Perímetro Urbano Manizales
38861,5.0692096,-75.513856,Los Agustinos,Comuna Cumanday,Perímetro Urbano Manizales
38860,5.0692096,-75.513856,Los Agustinos,Comuna Cumanday,Perímetro Urbano Manizales
38862,5.0692096,-75.513856,Los Agustinos,Comuna Cumanday,Perímetro Urbano Manizales
38863,5.0692096,-75.513856,Los Agustinos,Comuna Cumanday,Perímetro Urbano Manizales
38865,5.0692096,-75.513856,Los Agustinos,Comuna Cumanday,Perímetro Urbano Manizales
38864,5.0692096,-75.513856,Los Agustinos,Comuna Cumanday,Perímetro Urbano Manizales
38872,5.0692096,-75.513856,Los Agustinos,Comuna Cumanday,Perímetro Urbano Manizales
38866,5.0692096,-75.513856,Los Agustinos,Comuna Cumanday,Perímetro Urbano Manizales
38867,5.0692096,-75.513856,Los Agustinos,Comuna Cumanday,Perímetro Urbano Manizales
38869,5.0692096,-75.513856,Los Agustinos,Comuna Cumanday,Perímetro Urbano Manizales
38868,5.0692096,-75.5105792,Delicias,Comuna Cumanday,Perímetro Urbano Manizales
38895,5.0692096,-75.5105792,Delicias,Comuna Cumanday,Perímetro Urbano Manizales
38870,5.0692096,-75.513856,Los Agustinos,Comuna Cumanday,Perímetro Urbano Manizales
38871,5.0692096,-75.5105792,Delicias,Comuna Cumanday,Perímetro Urbano Manizales
38873,5.0692096,-75.513856,Los Agustinos,Comuna Cumanday,Perímetro Urbano Manizales
38874,5.0692096,-75.513856,Los Agustinos,Comuna Cumanday,Perímetro Urbano Manizales
38875,5.0692096,-75.513856,Los Agustinos,Comuna Cumanday,Perímetro Urbano Manizales
38876,5.0692096,-75.5105792,Delicias,Comuna Cumanday,Perímetro Urbano Manizales
38877,5.0692096,-75.513856,Los Agustinos,Comuna Cumanday,Perímetro Urbano Manizales
38878,5.0692096,-75.513856,Los Agustinos,Comuna Cumanday,Perímetro Urbano Manizales
38898,5.0692096,-75.5105792,Delicias,Comuna Cumanday,Perímetro Urbano Manizales
38894,5.0692096,-75.5105792,Delicias,Comuna Cumanday,Perímetro Urbano Manizales
38879,5.0692096,-75.513856,Los Agustinos,Comuna Cumanday,Perímetro Urbano Manizales
38880,5.0692096,-75.513856,Los Agustinos,Comuna Cumanday,Perímetro Urbano Manizales
38886,5.0692096,-75.5105792,Delicias,Comuna Cumanday,Perímetro Urbano Manizales
38881,5.0692096,-75.513856,Los Agustinos,Comuna Cumanday,Perímetro Urbano Manizales
38882,5.0692096,-75.513856,Los Agustinos,Comuna Cumanday,Perímetro Urbano Manizales
38883,5.0692096,-75.513856,Los Agustinos,Comuna Cumanday,Perímetro Urbano Manizales
38884,5.0692096,-75.513856,Los Agustinos,Comuna Cumanday,Perímetro Urbano Manizales
38885,5.0692096,-75.513856,Los Agustinos,Comuna Cumanday,Perímetro Urbano Manizales
38888,5.0692096,-75.5105792,Delicias,Comuna Cumanday,Perímetro Urbano Manizales
38889,5.0692096,-75.5105792,Delicias,Comuna Cumanday,Perímetro Urbano Manizales
38890,5.0692096,-75.5105792,Delicias,Comuna Cumanday,Perímetro Urbano Manizales
38891,5.0692096,-75.5105792,Delicias,Comuna Cumanday,Perímetro Urbano Manizales
38893,5.0692096,-75.5105792,Delicias,Comuna Cumanday,Perímetro Urbano Manizales
38896,5.0692096,-75.5105792,Delicias,Comuna Cumanday,Perímetro Urbano Manizales
38897,5.0692096,-75.5105792,Delicias,Comuna Cumanday,Perímetro Urbano Manizales
38899,5.0692096,-75.5105792,Delicias,Comuna Cumanday,Perímetro Urbano Manizales
38900,5.0692096,-75.5105792,Delicias,Comuna Cumanday,Perímetro Urbano Manizales
38901,5.0692096,-75.5105792,Delicias,Comuna Cumanday,Perímetro Urbano Manizales
38902,5.0692096,-75.5105792,Delicias,Comuna Cumanday,Perímetro Urbano Manizales
38904,5.0692096,-75.5105792,Delicias,Comuna Cumanday,Perímetro Urbano Manizales
38903,5.0692096,-75.5105792,Delicias,Comuna Cumanday,Perímetro Urbano Manizales
38905,5.0692096,-75.5105792,Delicias,Comuna Cumanday,Perímetro Urbano Manizales
38906,5.0692096,-75.5105792,Delicias,Comuna Cumanday,Perímetro Urbano Manizales
38907,5.0692096,-75.5105792,Delicias,Comuna Cumanday,Perímetro Urbano Manizales
38908,5.0692096,-75.5105792,Delicias,Comuna Cumanday,Perímetro Urbano Manizales
38909,5.0692096,-75.5105792,Delicias,Comuna Cumanday,Perímetro Urbano Manizales
38910,5.0692096,-75.5073024,Santa Helena,Comuna La Estación,Perímetro Urbano Manizales
38911,5.0692096,-75.5105792,Delicias,Comuna Cumanday,Perímetro Urbano Manizales
38912,5.0692096,-75.5105792,Delicias,Comuna Cumanday,Perímetro Urbano Manizales
38914,5.0692096,-75.5105792,Delicias,Comuna Cumanday,Perímetro Urbano Manizales
38913,5.0692096,-75.5073024,Santa Helena,Comuna La Estación,Perímetro Urbano Manizales
38916,5.0692096,-75.5073024,Santa Helena,Comuna La Estación,Perímetro Urbano Manizales
38915,5.0692096,-75.5073024,Santa Helena,Comuna La Estación,Perímetro Urbano Manizales
38917,5.0692096,-75.5073024,Santa Helena,Comuna La Estación,Perímetro Urbano Manizales
38919,5.0692096,-75.5073024,Santa Helena,Comuna La Estación,Perímetro Urbano Manizales
38920,5.0692096,-75.5073024,Santa Helena,Comuna La Estación,Perímetro Urbano Manizales
38922,5.0692096,-75.5073024,Santa Helena,Comuna La Estación,Perímetro Urbano Manizales
38930,5.0692096,-75.5073024,Santa Helena,Comuna La Estación,Perímetro Urbano Manizales
38961,5.0692096,-75.5073024,Santa Helena,Comuna La Estación,Perímetro Urbano Manizales
38923,5.0692096,-75.5073024,Santa Helena,Comuna La Estación,Perímetro Urbano Manizales
38925,5.0724864,-75.513856,San José,Comuna San José,Perímetro Urbano Manizales
38927,5.0692096,-75.5073024,Santa Helena,Comuna La Estación,Perímetro Urbano Manizales
38928,5.0692096,-75.5073024,Santa Helena,Comuna La Estación,Perímetro Urbano Manizales
38929,5.0692096,-75.5073024,Santa Helena,Comuna La Estación,Perímetro Urbano Manizales
38931,5.0692096,-75.5073024,Santa Helena,Comuna La Estación,Perímetro Urbano Manizales
38932,5.0692096,-75.5073024,Santa Helena,Comuna La Estación,Perímetro Urbano Manizales
38935,5.0692096,-75.5073024,Santa Helena,Comuna La Estación,Perímetro Urbano Manizales
38946,5.0692096,-75.5073024,Santa Helena,Comuna La Estación,Perímetro Urbano Manizales
38940,5.0692096,-75.5073024,Santa Helena,Comuna La Estación,Perímetro Urbano Manizales
38936,5.0692096,-75.5073024,Santa Helena,Comuna La Estación,Perímetro Urbano Manizales
38937,5.0692096,-75.5073024,Santa Helena,Comuna La Estación,Perímetro Urbano Manizales
38938,5.0692096,-75.5073024,Santa Helena,Comuna La Estación,Perímetro Urbano Manizales
38941,5.0692096,-75.5073024,Santa Helena,Comuna La Estación,Perímetro Urbano Manizales
38943,5.0692096,-75.5073024,Santa Helena,Comuna La Estación,Perímetro Urbano Manizales
38944,5.0692096,-75.5073024,Santa Helena,Comuna La Estación,Perímetro Urbano Manizales
38945,5.0692096,-75.5073024,Santa Helena,Comuna La Estación,Perímetro Urbano Manizales
38947,5.0692096,-75.5073024,Santa Helena,Comuna La Estación,Perímetro Urbano Manizales
38948,5.0692096,-75.5073024,Santa Helena,Comuna La Estación,Perímetro Urbano Manizales
38952,5.0692096,-75.5073024,Santa Helena,Comuna La Estación,Perímetro Urbano Manizales
38949,5.0692096,-75.5073024,Santa Helena,Comuna La Estación,Perímetro Urbano Manizales
38950,5.0592096,-75.4894616,La Estrella,Comuna Palogrande,Perímetro Urbano Manizales
38957,5.0692096,-75.5073024,Santa Helena,Comuna La Estación,Perímetro Urbano Manizales
38953,5.0692096,-75.5073024,Santa Helena,Comuna La Estación,Perímetro Urbano Manizales
38955,5.0692096,-75.5073024,Santa Helena,Comuna La Estación,Perímetro Urbano Manizales
38956,5.0692096,-75.5073024,Santa Helena,Comuna La Estación,Perímetro Urbano Manizales
38959,5.0692096,-75.5073024,Santa Helena,Comuna La Estación,Perímetro Urbano Manizales
38958,5.0692096,-75.5073024,Santa Helena,Comuna La Estación,Perímetro Urbano Manizales
38960,5.0692096,-75.5073024,Santa Helena,Comuna La Estación,Perímetro Urbano Manizales
38965,5.0692096,-75.5073024,Santa Helena,Comuna La Estación,Perímetro Urbano Manizales
38962,5.0692096,-75.5073024,Santa Helena,Comuna La Estación,Perímetro Urbano Manizales
38963,5.0692096,-75.5073024,Santa Helena,Comuna La Estación,Perímetro Urbano Manizales
38964,5.0692096,-75.5073024,Santa Helena,Comuna La Estación,Perímetro Urbano Manizales
38981,5.0692096,-75.5073024,Santa Helena,Comuna La Estación,Perímetro Urbano Manizales
38966,5.0692096,-75.5073024,Santa Helena,Comuna La Estación,Perímetro Urbano Manizales
38972,5.0692096,-75.5073024,Santa Helena,Comuna La Estación,Perímetro Urbano Manizales
38970,5.0692096,-75.5073024,Santa Helena,Comuna La Estación,Perímetro Urbano Manizales
38985,5.0692096,-75.5073024,Santa Helena,Comuna La Estación,Perímetro Urbano Manizales
38971,5.0692096,-75.5073024,Santa Helena,Comuna La Estación,Perímetro Urbano Manizales
39000,5.0692096,-75.5073024,Santa Helena,Comuna La Estación,Perímetro Urbano Manizales
39048,5.0659328,-75.5105792,Fundadores,Comuna Cumanday,Perímetro Urbano Manizales
38974,5.0692096,-75.5073024,Santa Helena,Comuna La Estación,Perímetro Urbano Manizales
38980,5.0692096,-75.5073024,Santa Helena,Comuna La Estación,Perímetro Urbano Manizales
38984,5.0692096,-75.5073024,Santa Helena,Comuna La Estación,Perímetro Urbano Manizales
38983,5.0692096,-75.5073024,Santa Helena,Comuna La Estación,Perímetro Urbano Manizales
38986,5.0692096,-75.5073024,Santa Helena,Comuna La Estación,Perímetro Urbano Manizales
38987,5.0692096,-75.5073024,Santa Helena,Comuna La Estación,Perímetro Urbano Manizales
38988,5.0692096,-75.5073024,Santa Helena,Comuna La Estación,Perímetro Urbano Manizales
39002,5.0692096,-75.5073024,Santa Helena,Comuna La Estación,Perímetro Urbano Manizales
38990,5.0692096,-75.5073024,Santa Helena,Comuna La Estación,Perímetro Urbano Manizales
38991,5.0692096,-75.5073024,Santa Helena,Comuna La Estación,Perímetro Urbano Manizales
38992,5.0692096,-75.5073024,Santa Helena,Comuna La Estación,Perímetro Urbano Manizales
38993,5.0692096,-75.5073024,Santa Helena,Comuna La Estación,Perímetro Urbano Manizales
38994,5.0692096,-75.5073024,Santa Helena,Comuna La Estación,Perímetro Urbano Manizales
38995,5.0692096,-75.5073024,Santa Helena,Comuna La Estación,Perímetro Urbano Manizales
38997,5.0692096,-75.5073024,Santa Helena,Comuna La Estación,Perímetro Urbano Manizales
38999,5.0692096,-75.5073024,Santa Helena,Comuna La Estación,Perímetro Urbano Manizales
39001,5.0692096,-75.5105792,Delicias,Comuna Cumanday,Perímetro Urbano Manizales
39004,5.0692096,-75.5073024,Santa Helena,Comuna La Estación,Perímetro Urbano Manizales
39005,5.0692096,-75.5073024,Santa Helena,Comuna La Estación,Perímetro Urbano Manizales
39007,5.0692096,-75.5073024,Santa Helena,Comuna La Estación,Perímetro Urbano Manizales
39009,5.0692096,-75.5073024,Santa Helena,Comuna La Estación,Perímetro Urbano Manizales
39026,5.0692096,-75.5073024,Santa Helena,Comuna La Estación,Perímetro Urbano Manizales
39049,5.0692096,-75.5073024,Santa Helena,Comuna La Estación,Perímetro Urbano Manizales
39012,5.0692096,-75.5073024,Santa Helena,Comuna La Estación,Perímetro Urbano Manizales
39014,5.0692096,-75.5073024,Santa Helena,Comuna La Estación,Perímetro Urbano Manizales
39013,5.0692096,-75.5073024,Santa Helena,Comuna La Estación,Perímetro Urbano Manizales
39015,5.0692096,-75.5073024,Santa Helena,Comuna La Estación,Perímetro Urbano Manizales
39016,5.0692096,-75.5073024,Santa Helena,Comuna La Estación,Perímetro Urbano Manizales
39017,5.0692096,-75.5073024,Santa Helena,Comuna La Estación,Perímetro Urbano Manizales
39018,5.0692096,-75.5073024,Santa Helena,Comuna La Estación,Perímetro Urbano Manizales
39019,5.0692096,-75.5073024,Santa Helena,Comuna La Estación,Perímetro Urbano Manizales
39027,5.0692096,-75.5073024,Santa Helena,Comuna La Estación,Perímetro Urbano Manizales
39020,5.0692096,-75.5073024,Santa Helena,Comuna La Estación,Perímetro Urbano Manizales
39021,5.0692096,-75.5073024,Santa Helena,Comuna La Estación,Perímetro Urbano Manizales
39022,5.0692096,-75.5073024,Santa Helena,Comuna La Estación,Perímetro Urbano Manizales
39029,5.0692096,-75.5105792,Delicias,Comuna Cumanday,Perímetro Urbano Manizales
39023,5.0692096,-75.5073024,Santa Helena,Comuna La Estación,Perímetro Urbano Manizales
39024,5.0692096,-75.5073024,Santa Helena,Comuna La Estación,Perímetro Urbano Manizales
39025,5.0692096,-75.5105792,Delicias,Comuna Cumanday,Perímetro Urbano Manizales
39028,5.0692096,-75.5073024,Santa Helena,Comuna La Estación,Perímetro Urbano Manizales
39030,5.0692096,-75.5073024,Santa Helena,Comuna La Estación,Perímetro Urbano Manizales
39031,5.0692096,-75.5073024,Santa Helena,Comuna La Estación,Perímetro Urbano Manizales
39032,5.0692096,-75.5073024,Santa Helena,Comuna La Estación,Perímetro Urbano Manizales
39033,5.0692096,-75.5073024,Santa Helena,Comuna La Estación,Perímetro Urbano Manizales
39034,5.0692096,-75.5073024,Santa Helena,Comuna La Estación,Perímetro Urbano Manizales
39035,5.0692096,-75.5073024,Santa Helena,Comuna La Estación,Perímetro Urbano Manizales
39039,5.0692096,-75.5073024,Santa Helena,Comuna La Estación,Perímetro Urbano Manizales
39036,5.0692096,-75.5073024,Santa Helena,Comuna La Estación,Perímetro Urbano Manizales
39037,5.0692096,-75.5073024,Santa Helena,Comuna La Estación,Perímetro Urbano Manizales
39038,5.0692096,-75.5073024,Santa Helena,Comuna La Estación,Perímetro Urbano Manizales
39040,5.0692096,-75.5073024,Santa Helena,Comuna La Estación,Perímetro Urbano Manizales
39041,5.0692096,-75.5105792,Delicias,Comuna Cumanday,Perímetro Urbano Manizales
39043,5.0659328,-75.5105792,Fundadores,Comuna Cumanday,Perímetro Urbano Manizales
39044,5.0659328,-75.5105792,Fundadores,Comuna Cumanday,Perímetro Urbano Manizales
39045,5.0692096,-75.5105792,Delicias,Comuna Cumanday,Perímetro Urbano Manizales
39047,5.0659328,-75.5105792,Fundadores,Comuna Cumanday,Perímetro Urbano Manizales
39046,5.0659328,-75.5105792,Fundadores,Comuna Cumanday,Perímetro Urbano Manizales
39051,5.0692096,-75.5105792,Delicias,Comuna Cumanday,Perímetro Urbano Manizales
39050,5.0692096,-75.5105792,Delicias,Comuna Cumanday,Perímetro Urbano Manizales
39052,5.0692096,-75.5105792,Delicias,Comuna Cumanday,Perímetro Urbano Manizales
39054,5.0692096,-75.5105792,Delicias,Comuna Cumanday,Perímetro Urbano Manizales
39053,5.0692096,-75.5105792,Delicias,Comuna Cumanday,Perímetro Urbano Manizales
39056,5.0692096,-75.5105792,Delicias,Comuna Cumanday,Perímetro Urbano Manizales
39055,5.0692096,-75.5105792,Delicias,Comuna Cumanday,Perímetro Urbano Manizales
39057,5.0692096,-75.5105792,Delicias,Comuna Cumanday,Perímetro Urbano Manizales
39058,5.0692096,-75.5105792,Delicias,Comuna Cumanday,Perímetro Urbano Manizales
39059,5.0692096,-75.5105792,Delicias,Comuna Cumanday,Perímetro Urbano Manizales
39060,5.0692096,-75.5105792,Delicias,Comuna Cumanday,Perímetro Urbano Manizales
39062,5.0692096,-75.5105792,Delicias,Comuna Cumanday,Perímetro Urbano Manizales
39061,5.0692096,-75.5105792,Delicias,Comuna Cumanday,Perímetro Urbano Manizales
39063,5.0692096,-75.5105792,Delicias,Comuna Cumanday,Perímetro Urbano Manizales
39064,5.0692096,-75.5105792,Delicias,Comuna Cumanday,Perímetro Urbano Manizales
39072,5.0692096,-75.5105792,Delicias,Comuna Cumanday,Perímetro Urbano Manizales
39065,5.0692096,-75.5105792,Delicias,Comuna Cumanday,Perímetro Urbano Manizales
39066,5.0692096,-75.5105792,Delicias,Comuna Cumanday,Perímetro Urbano Manizales
39068,5.0692096,-75.5105792,Delicias,Comuna Cumanday,Perímetro Urbano Manizales
39067,5.0692096,-75.5105792,Delicias,Comuna Cumanday,Perímetro Urbano Manizales
39069,5.0692096,-75.5105792,Delicias,Comuna Cumanday,Perímetro Urbano Manizales
39070,5.0692096,-75.5105792,Delicias,Comuna Cumanday,Perímetro Urbano Manizales
39071,5.0692096,-75.5105792,Delicias,Comuna Cumanday,Perímetro Urbano Manizales
39073,5.0692096,-75.5105792,Delicias,Comuna Cumanday,Perímetro Urbano Manizales
39074,5.0692096,-75.5105792,Delicias,Comuna Cumanday,Perímetro Urbano Manizales
39075,5.0692096,-75.5105792,Delicias,Comuna Cumanday,Perímetro Urbano Manizales
39076,5.0692096,-75.5105792,Delicias,Comuna Cumanday,Perímetro Urbano Manizales
39077,5.0692096,-75.5105792,Delicias,Comuna Cumanday,Perímetro Urbano Manizales
39078,5.0692096,-75.5105792,Delicias,Comuna Cumanday,Perímetro Urbano Manizales
39079,5.0692096,-75.5105792,Delicias,Comuna Cumanday,Perímetro Urbano Manizales
39080,5.0692096,-75.5105792,Delicias,Comuna Cumanday,Perímetro Urbano Manizales
39082,5.0692096,-75.5105792,Delicias,Comuna Cumanday,Perímetro Urbano Manizales
39083,5.0692096,-75.5105792,Delicias,Comuna Cumanday,Perímetro Urbano Manizales
39084,5.0692096,-75.5105792,Delicias,Comuna Cumanday,Perímetro Urbano Manizales
39085,5.0692096,-75.5105792,Delicias,Comuna Cumanday,Perímetro Urbano Manizales
39086,5.0692096,-75.5105792,Delicias,Comuna Cumanday,Perímetro Urbano Manizales
39087,5.0692096,-75.5105792,Delicias,Comuna Cumanday,Perímetro Urbano Manizales
39088,5.0692096,-75.5105792,Delicias,Comuna Cumanday,Perímetro Urbano Manizales
39096,5.0692096,-75.5105792,Delicias,Comuna Cumanday,Perímetro Urbano Manizales
39089,5.0692096,-75.5105792,Delicias,Comuna Cumanday,Perímetro Urbano Manizales
39090,5.0692096,-75.5105792,Delicias,Comuna Cumanday,Perímetro Urbano Manizales
39091,5.0692096,-75.5105792,Delicias,Comuna Cumanday,Perímetro Urbano Manizales
39092,5.0692096,-75.5105792,Delicias,Comuna Cumanday,Perímetro Urbano Manizales
39094,5.0692096,-75.5105792,Delicias,Comuna Cumanday,Perímetro Urbano Manizales
39093,5.0692096,-75.5105792,Delicias,Comuna Cumanday,Perímetro Urbano Manizales
39095,5.0659328,-75.5105792,Fundadores,Comuna Cumanday,Perímetro Urbano Manizales
39097,5.0692096,-75.5105792,Delicias,Comuna Cumanday,Perímetro Urbano Manizales
39098,5.0724864,-75.513856,San José,Comuna San José,Perímetro Urbano Manizales
39100,5.0692096,-75.5105792,Delicias,Comuna Cumanday,Perímetro Urbano Manizales
39099,5.0692096,-75.5105792,Delicias,Comuna Cumanday,Perímetro Urbano Manizales
39101,5.0692096,-75.5105792,Delicias,Comuna Cumanday,Perímetro Urbano Manizales
39102,5.0692096,-75.5105792,Delicias,Comuna Cumanday,Perímetro Urbano Manizales
39103,5.0692096,-75.5105792,Delicias,Comuna Cumanday,Perímetro Urbano Manizales
39104,5.0724864,-75.513856,San José,Comuna San José,Perímetro Urbano Manizales
39108,5.0724864,-75.513856,San José,Comuna San José,Perímetro Urbano Manizales
39106,5.0724864,-75.513856,San José,Comuna San José,Perímetro Urbano Manizales
39120,5.0724864,-75.513856,San José,Comuna San José,Perímetro Urbano Manizales
39107,5.0724864,-75.513856,San José,Comuna San José,Perímetro Urbano Manizales
39109,5.0724864,-75.513856,San José,Comuna San José,Perímetro Urbano Manizales
39111,5.0724864,-75.513856,San José,Comuna San José,Perímetro Urbano Manizales
39110,5.0724864,-75.513856,San José,Comuna San José,Perímetro Urbano Manizales
39113,5.0724864,-75.513856,San José,Comuna San José,Perímetro Urbano Manizales
39115,5.0724864,-75.513856,San José,Comuna San José,Perímetro Urbano Manizales
39116,5.0724864,-75.513856,San José,Comuna San José,Perímetro Urbano Manizales
39117,5.0724864,-75.513856,San José,Comuna San José,Perímetro Urbano Manizales
39118,5.0724864,-75.513856,San José,Comuna San José,Perímetro Urbano Manizales
39119,5.0724864,-75.513856,San José,Comuna San José,Perímetro Urbano Manizales
39121,5.0724864,-75.513856,San José,Comuna San José,Perímetro Urbano Manizales
39122,5.0724864,-75.513856,San José,Comuna San José,Perímetro Urbano Manizales
39123,5.0724864,-75.513856,San José,Comuna San José,Perímetro Urbano Manizales
39126,5.0724864,-75.513856,San José,Comuna San José,Perímetro Urbano Manizales
39124,5.0724864,-75.513856,San José,Comuna San José,Perímetro Urbano Manizales
39125,5.0724864,-75.513856,San José,Comuna San José,Perímetro Urbano Manizales
39127,5.0724864,-75.513856,San José,Comuna San José,Perímetro Urbano Manizales
39129,5.0591191,-75.4893821,La Estrella,Comuna Palogrande,Perímetro Urbano Manizales
39130,5.0592399,-75.4894725,La Estrella,Comuna Palogrande,Perímetro Urbano Manizales
39132,5.0724864,-75.513856,San José,Comuna San José,Perímetro Urbano Manizales
39133,5.0724864,-75.513856,San José,Comuna San José,Perímetro Urbano Manizales
39134,5.0724864,-75.513856,San José,Comuna San José,Perímetro Urbano Manizales
39139,5.0724864,-75.513856,San José,Comuna San José,Perímetro Urbano Manizales
39135,5.0724864,-75.513856,San José,Comuna San José,Perímetro Urbano Manizales
39142,5.0724864,-75.513856,San José,Comuna San José,Perímetro Urbano Manizales
39140,5.0724864,-75.513856,San José,Comuna San José,Perímetro Urbano Manizales
39144,5.0592424,-75.4894801,La Estrella,Comuna Palogrande,Perímetro Urbano Manizales
39141,5.0724864,-75.513856,San José,Comuna San José,Perímetro Urbano Manizales
39143,5.0724864,-75.513856,San José,Comuna San José,Perímetro Urbano Manizales
39145,5.0412017,-75.4731589,Chachafruto,Comuna Tesorito,Perímetro Urbano Manizales
39146,5.077017,-75.4885621,Portón del Guamo,Comuna Nuevo Horizonte,Perímetro Urbano Manizales
39147,5.0592159,-75.4894738,La Estrella,Comuna Palogrande,Perímetro Urbano Manizales
39151,5.0654411,-75.5122481,Fundadores,Comuna Cumanday,Perímetro Urbano Manizales
39148,5.0657052,-75.5198584,San Joaquín,Comuna La Macarena,Perímetro Urbano Manizales
39156,5.0592309,-75.4894638,La Estrella,Comuna Palogrande,Perímetro Urbano Manizales
39153,5.0659328,-75.513856,San Joaquín,Comuna Cumanday,Perímetro Urbano Manizales
39155,5.0594585,-75.4820079,Baja Suiza,Comuna Ecoturística Cerro de Oro,Perímetro Urbano Manizales
39154,5.0593156,-75.4817842,Baja Suiza,Comuna Ecoturística Cerro de Oro,Perímetro Urbano Manizales
39157,5.0825169,-75.4883477,Bosques del Norte,Comuna Ciudadela del Norte,Perímetro Urbano Manizales
39158,5.0826973,-75.4893692,Bosques del Norte,Comuna Ciudadela del Norte,Perímetro Urbano Manizales
39159,5.0827531,-75.4896486,Bosques del Norte,Comuna Ciudadela del Norte,Perímetro Urbano Manizales
39160,5.0726447,-75.4868994,Sinaí,Comuna Nuevo Horizonte,Perímetro Urbano Manizales
39161,5.0726447,-75.4868994,Sinaí,Comuna Nuevo Horizonte,Perímetro Urbano Manizales
39164,5.0680188,-75.5268047,Los Alcázares,Comuna Atardeceres,Perímetro Urbano Manizales
39165,5.0680328,-75.526768,Los Alcázares,Comuna Atardeceres,Perímetro Urbano Manizales
39166,5.0591883,-75.489436,La Estrella,Comuna Palogrande,Perímetro Urbano Manizales
39171,5.0678105,-75.5267582,Los Alcázares,Comuna Atardeceres,Perímetro Urbano Manizales
39167,5.0677388,-75.5267309,Los Alcázares,Comuna Atardeceres,Perímetro Urbano Manizales
39169,5.0591883,-75.489436,La Estrella,Comuna Palogrande,Perímetro Urbano Manizales
39170,5.067595,-75.5267011,Los Alcázares,Comuna Atardeceres,Perímetro Urbano Manizales
39173,5.0603409,-75.4883484,La Estrella,Comuna Palogrande,Perímetro Urbano Manizales
39175,5.0677596,-75.5267257,Los Alcázares,Comuna Atardeceres,Perímetro Urbano Manizales
39178,5.0821848,-75.4893071,Bosques del Norte,Comuna Ciudadela del Norte,Perímetro Urbano Manizales
39180,5.0821848,-75.4893071,Bosques del Norte,Comuna Ciudadela del Norte,Perímetro Urbano Manizales
39235,5.0592393,-75.4895074,La Estrella,Comuna Palogrande,Perímetro Urbano Manizales
39186,5.0727751,-75.4868552,Sinaí,Comuna Nuevo Horizonte,Perímetro Urbano Manizales
39187,5.059172,-75.4895072,La Estrella,Comuna Palogrande,Perímetro Urbano Manizales
39188,5.072643,-75.4869975,Sinaí,Comuna Nuevo Horizonte,Perímetro Urbano Manizales
39189,5.0645255,-75.5053164,Velez,Comuna La Fuente,Perímetro Urbano Manizales
39190,5.072643,-75.4869975,Sinaí,Comuna Nuevo Horizonte,Perímetro Urbano Manizales
39193,5.0645616,-75.5052874,Velez,Comuna La Fuente,Perímetro Urbano Manizales
39194,5.0645487,-75.5053273,Velez,Comuna La Fuente,Perímetro Urbano Manizales
39195,5.0592534,-75.4894662,La Estrella,Comuna Palogrande,Perímetro Urbano Manizales
39196,5.0645445,-75.5053009,Velez,Comuna La Fuente,Perímetro Urbano Manizales
39199,5.0592534,-75.4894662,La Estrella,Comuna Palogrande,Perímetro Urbano Manizales
39197,5.0592534,-75.4894662,La Estrella,Comuna Palogrande,Perímetro Urbano Manizales
39198,5.0645556,-75.5052811,Velez,Comuna La Fuente,Perímetro Urbano Manizales
39202,5.072655,-75.4868922,Sinaí,Comuna Nuevo Horizonte,Perímetro Urbano Manizales
39203,5.0592153,-75.4894541,La Estrella,Comuna Palogrande,Perímetro Urbano Manizales
39204,5.072655,-75.4868922,Sinaí,Comuna Nuevo Horizonte,Perímetro Urbano Manizales
39206,5.0592415,-75.4894594,La Estrella,Comuna Palogrande,Perímetro Urbano Manizales
39207,5.0592442,-75.4894822,La Estrella,Comuna Palogrande,Perímetro Urbano Manizales
39209,5.0592379,-75.489449,La Estrella,Comuna Palogrande,Perímetro Urbano Manizales
39210,5.0490891,-75.4888413,Sancancio,Comuna Palogrande,Perímetro Urbano Manizales
39211,5.0592256,-75.489475,La Estrella,Comuna Palogrande,Perímetro Urbano Manizales
39212,5.0592096,-75.4894616,La Estrella,Comuna Palogrande,Perímetro Urbano Manizales
39213,5.0592415,-75.4894594,La Estrella,Comuna Palogrande,Perímetro Urbano Manizales
39214,5.0592477,-75.4894618,La Estrella,Comuna Palogrande,Perímetro Urbano Manizales
39218,5.0592477,-75.4894618,La Estrella,Comuna Palogrande,Perímetro Urbano Manizales
39215,5.0592477,-75.4894618,La Estrella,Comuna Palogrande,Perímetro Urbano Manizales
39216,5.0592415,-75.4894594,La Estrella,Comuna Palogrande,Perímetro Urbano Manizales
39217,5.0592477,-75.4894618,La Estrella,Comuna Palogrande,Perímetro Urbano Manizales
39233,5.0591881,-75.4894449,La Estrella,Comuna Palogrande,Perímetro Urbano Manizales
39220,5.0592256,-75.489475,La Estrella,Comuna Palogrande,Perímetro Urbano Manizales
39221,5.0592724,-75.4894646,La Estrella,Comuna Palogrande,Perímetro Urbano Manizales
39227,5.0592342,-75.489479,La Estrella,Comuna Palogrande,Perímetro Urbano Manizales
39222,5.0592447,-75.4894726,La Estrella,Comuna Palogrande,Perímetro Urbano Manizales
39225,5.0592372,-75.4894657,La Estrella,Comuna Palogrande,Perímetro Urbano Manizales
39223,5.0592372,-75.4894657,La Estrella,Comuna Palogrande,Perímetro Urbano Manizales
39224,5.0592441,-75.4894747,La Estrella,Comuna Palogrande,Perímetro Urbano Manizales
39226,5.0592266,-75.4894688,La Estrella,Comuna Palogrande,Perímetro Urbano Manizales
39229,5.0592441,-75.4894747,La Estrella,Comuna Palogrande,Perímetro Urbano Manizales
39228,5.0592406,-75.4894807,La Estrella,Comuna Palogrande,Perímetro Urbano Manizales
39234,5.0592406,-75.4894807,La Estrella,Comuna Palogrande,Perímetro Urbano Manizales
39232,5.0592406,-75.4894807,La Estrella,Comuna Palogrande,Perímetro Urbano Manizales
39240,5.0592301,-75.4894746,La Estrella,Comuna Palogrande,Perímetro Urbano Manizales
39236,5.0726439,-75.4870038,Sinaí,Comuna Nuevo Horizonte,Perímetro Urbano Manizales
39245,5.0825403,-75.4883137,Bosques del Norte,Comuna Ciudadela del Norte,Perímetro Urbano Manizales
39239,5.0641661,-75.5033852,Velez,Comuna La Fuente,Perímetro Urbano Manizales
39243,5.0643827,-75.5030433,Velez,Comuna La Estación,Perímetro Urbano Manizales
39241,5.064317,-75.5032391,Velez,Comuna La Fuente,Perímetro Urbano Manizales
39242,5.0642395,-75.5033986,Velez,Comuna La Fuente,Perímetro Urbano Manizales
39244,5.0642482,-75.5034063,Velez,Comuna La Fuente,Perímetro Urbano Manizales
39246,5.0824428,-75.4883202,Bosques del Norte,Comuna Ciudadela del Norte,Perímetro Urbano Manizales
39247,5.0592322,-75.4894754,La Estrella,Comuna Palogrande,Perímetro Urbano Manizales
39248,5.0824825,-75.4883094,Bosques del Norte,Comuna Ciudadela del Norte,Perímetro Urbano Manizales
39249,5.0725988,-75.4869711,Sinaí,Comuna Nuevo Horizonte,Perímetro Urbano Manizales
39250,5.059242,-75.4894458,La Estrella,Comuna Palogrande,Perímetro Urbano Manizales
39254,5.0592407,-75.4894628,La Estrella,Comuna Palogrande,Perímetro Urbano Manizales
39262,5.0540569,-75.4988325,Kennedy,Comuna Universitaria,Perímetro Urbano Manizales
39252,5.0592334,-75.4894848,La Estrella,Comuna Palogrande,Perímetro Urbano Manizales
39253,5.0824872,-75.4884974,Bosques del Norte,Comuna Ciudadela del Norte,Perímetro Urbano Manizales
39258,5.054009,-75.498693,Fátima,Comuna Universitaria,Perímetro Urbano Manizales
39256,5.0592407,-75.4894628,La Estrella,Comuna Palogrande,Perímetro Urbano Manizales
39259,5.0540393,-75.4987478,Fátima,Comuna Universitaria,Perímetro Urbano Manizales
39260,5.059172,-75.4895072,La Estrella,Comuna Palogrande,Perímetro Urbano Manizales
39286,5.0592449,-75.4894666,La Estrella,Comuna Palogrande,Perímetro Urbano Manizales
39265,5.0591655,-75.4894419,La Estrella,Comuna Palogrande,Perímetro Urbano Manizales
39270,5.0726018,-75.4868822,Sinaí,Comuna Nuevo Horizonte,Perímetro Urbano Manizales
39266,5.0591655,-75.4894419,La Estrella,Comuna Palogrande,Perímetro Urbano Manizales
39268,5.0591655,-75.4894419,La Estrella,Comuna Palogrande,Perímetro Urbano Manizales
39273,5.0726018,-75.4868822,Sinaí,Comuna Nuevo Horizonte,Perímetro Urbano Manizales
39276,5.0592489,-75.4894837,La Estrella,Comuna Palogrande,Perímetro Urbano Manizales
39297,5.0726396,-75.4869809,Sinaí,Comuna Nuevo Horizonte,Perímetro Urbano Manizales
39277,5.0726342,-75.4869791,Sinaí,Comuna Nuevo Horizonte,Perímetro Urbano Manizales
39279,5.0592437,-75.4894611,La Estrella,Comuna Palogrande,Perímetro Urbano Manizales
39280,5.0553456,-75.4848641,Laureles,Comuna Palogrande,Perímetro Urbano Manizales
39283,5.0592367,-75.489473,La Estrella,Comuna Palogrande,Perímetro Urbano Manizales
39281,5.0609282,-75.4812037,Viveros,Comuna Ecoturística Cerro de Oro,Perímetro Urbano Manizales
39282,5.055101,-75.4849324,El Cable,Comuna Palogrande,Perímetro Urbano Manizales
39287,5.0591041,-75.4894075,La Estrella,Comuna Palogrande,Perímetro Urbano Manizales
39288,5.0592449,-75.4894666,La Estrella,Comuna Palogrande,Perímetro Urbano Manizales
39289,5.0696649,-75.5130406,Fundadores,Comuna Cumanday,Perímetro Urbano Manizales
39291,5.072593,-75.4869749,Sinaí,Comuna Nuevo Horizonte,Perímetro Urbano Manizales
39292,5.0515876,-75.480115,Alta Suiza,Comuna Ecoturística Cerro de Oro,Perímetro Urbano Manizales
39296,5.069712,-75.5130246,Delicias,Comuna San José,Perímetro Urbano Manizales
39294,5.0825408,-75.4883685,Bosques del Norte,Comuna Ciudadela del Norte,Perímetro Urbano Manizales
39295,5.0692212,-75.5127496,Fundadores,Comuna Cumanday,Perímetro Urbano Manizales
39300,5.0465907,-75.4839753,El Trébol,Comuna Palogrande,Perímetro Urbano Manizales
39301,5.0591641,-75.4894527,La Estrella,Comuna Palogrande,Perímetro Urbano Manizales
39366,5.0591641,-75.4894527,La Estrella,Comuna Palogrande,Perímetro Urbano Manizales
39302,5.0463316,-75.4838578,El Trébol,Comuna Palogrande,Perímetro Urbano Manizales
39304,5.0825408,-75.4883685,Bosques del Norte,Comuna Ciudadela del Norte,Perímetro Urbano Manizales
39305,5.0825408,-75.4883685,Bosques del Norte,Comuna Ciudadela del Norte,Perímetro Urbano Manizales
39308,5.0574352,-75.4850569,El Cable,Comuna Palogrande,Perímetro Urbano Manizales
39306,5.0726009,-75.4869637,Sinaí,Comuna Nuevo Horizonte,Perímetro Urbano Manizales
39309,5.0592091,-75.4894537,La Estrella,Comuna Palogrande,Perímetro Urbano Manizales
39310,5.0592271,-75.4894619,La Estrella,Comuna Palogrande,Perímetro Urbano Manizales
39362,5.0665652,-75.5243778,La Castellana,Comuna La Macarena,Perímetro Urbano Manizales
39363,5.0592413,-75.4894833,La Estrella,Comuna Palogrande,Perímetro Urbano Manizales
39364,5.0666465,-75.5243846,Los Agustinos,Comuna Cumanday,Perímetro Urbano Manizales
39365,5.0667594,-75.5241179,La Castellana,Comuna La Macarena,Perímetro Urbano Manizales
39367,5.0592413,-75.4894833,La Estrella,Comuna Palogrande,Perímetro Urbano Manizales
39359,5.0735184,-75.5000015,Fanny Gonzales,Comuna Ciudadela del Norte,Perímetro Urbano Manizales
39356,5.0449594,-75.5043647,Malhabar,Comuna Universitaria,Perímetro Urbano Manizales
39355,5.0463702,-75.4818564,Milán,Comuna Palogrande,Perímetro Urbano Manizales
39354,5.0495488,-75.481088,Residencias Manizales,Comuna Ecoturística Cerro de Oro,Perímetro Urbano Manizales
39353,5.0463581,-75.4818634,Milán,Comuna Palogrande,Perímetro Urbano Manizales
39361,5.0591681,-75.4894345,La Estrella,Comuna Palogrande,Perímetro Urbano Manizales
39352,5.0591719,-75.4894563,La Estrella,Comuna Palogrande,Perímetro Urbano Manizales
39350,5.0592413,-75.4894833,La Estrella,Comuna Palogrande,Perímetro Urbano Manizales
39334,5.0444462,-75.5087326,Urapanes,,Cabecera Municipal Villamaría
39335,5.0495488,-75.481088,Residencias Manizales,Comuna Ecoturística Cerro de Oro,Perímetro Urbano Manizales
39336,5.0592095,-75.4894647,La Estrella,Comuna Palogrande,Perímetro Urbano Manizales
39337,5.0592095,-75.4894647,La Estrella,Comuna Palogrande,Perímetro Urbano Manizales
39348,5.0592017,-75.4894394,La Estrella,Comuna Palogrande,Perímetro Urbano Manizales
39338,5.0495488,-75.481088,Residencias Manizales,Comuna Ecoturística Cerro de Oro,Perímetro Urbano Manizales
39351,5.0495488,-75.481088,Residencias Manizales,Comuna Ecoturística Cerro de Oro,Perímetro Urbano Manizales
39339,5.0592095,-75.4894647,La Estrella,Comuna Palogrande,Perímetro Urbano Manizales
39340,5.0591719,-75.4894563,La Estrella,Comuna Palogrande,Perímetro Urbano Manizales
39388,5.0621933,-75.495115,Arboleda,Comuna Palogrande,Perímetro Urbano Manizales
39341,5.0591719,-75.4894563,La Estrella,Comuna Palogrande,Perímetro Urbano Manizales
39342,5.0591719,-75.4894563,La Estrella,Comuna Palogrande,Perímetro Urbano Manizales
39343,5.0591719,-75.4894563,La Estrella,Comuna Palogrande,Perímetro Urbano Manizales
39344,5.0592095,-75.4894647,La Estrella,Comuna Palogrande,Perímetro Urbano Manizales
39345,5.0592118,-75.4894595,La Estrella,Comuna Palogrande,Perímetro Urbano Manizales
39346,5.0592118,-75.4894595,La Estrella,Comuna Palogrande,Perímetro Urbano Manizales
39391,5.0654516,-75.5122219,Fundadores,Comuna Cumanday,Perímetro Urbano Manizales
39347,5.0592118,-75.4894595,La Estrella,Comuna Palogrande,Perímetro Urbano Manizales
39389,5.0592017,-75.4894394,La Estrella,Comuna Palogrande,Perímetro Urbano Manizales
39373,5.0592276,-75.4894657,La Estrella,Comuna Palogrande,Perímetro Urbano Manizales
39374,5.0592141,-75.489467,La Estrella,Comuna Palogrande,Perímetro Urbano Manizales
39375,5.0592141,-75.489467,La Estrella,Comuna Palogrande,Perímetro Urbano Manizales
39376,5.059173,-75.4894575,La Estrella,Comuna Palogrande,Perímetro Urbano Manizales
39377,5.0592141,-75.489467,La Estrella,Comuna Palogrande,Perímetro Urbano Manizales
39378,5.059173,-75.4894575,La Estrella,Comuna Palogrande,Perímetro Urbano Manizales
39379,5.0464071,-75.4817917,Milán,Comuna Palogrande,Perímetro Urbano Manizales
39381,5.0726024,-75.4869698,Sinaí,Comuna Nuevo Horizonte,Perímetro Urbano Manizales
39384,5.0591641,-75.4894527,La Estrella,Comuna Palogrande,Perímetro Urbano Manizales
39383,5.0654446,-75.5122258,Fundadores,Comuna Cumanday,Perímetro Urbano Manizales
39385,5.0591007,-75.4894027,La Estrella,Comuna Palogrande,Perímetro Urbano Manizales
39386,5.059208,-75.4894544,La Estrella,Comuna Palogrande,Perímetro Urbano Manizales
39387,5.0654432,-75.512245,Fundadores,Comuna Cumanday,Perímetro Urbano Manizales
39392,5.0662705,-75.5188711,Los Agustinos,Comuna Cumanday,Perímetro Urbano Manizales
39390,5.0654596,-75.5121932,Fundadores,Comuna Cumanday,Perímetro Urbano Manizales
39394,5.0662705,-75.5188711,Los Agustinos,Comuna Cumanday,Perímetro Urbano Manizales
39397,5.0725973,-75.4869695,Sinaí,Comuna Nuevo Horizonte,Perímetro Urbano Manizales
39398,5.0725973,-75.4869695,Sinaí,Comuna Nuevo Horizonte,Perímetro Urbano Manizales
39400,5.0726475,-75.4868642,Sinaí,Comuna Nuevo Horizonte,Perímetro Urbano Manizales
39403,5.0726475,-75.4868642,Sinaí,Comuna Nuevo Horizonte,Perímetro Urbano Manizales
39406,5.0726385,-75.4868458,Sinaí,Comuna Nuevo Horizonte,Perímetro Urbano Manizales
39408,5.0592136,-75.489471,La Estrella,Comuna Palogrande,Perímetro Urbano Manizales
39410,5.0487108,-75.4807762,,Comuna Ecoturística Cerro de Oro,Perímetro Urbano Manizales
39411,5.059208,-75.4894544,La Estrella,Comuna Palogrande,Perímetro Urbano Manizales
39414,5.048603,-75.4807186,,Comuna Ecoturística Cerro de Oro,Perímetro Urbano Manizales
39427,5.0589548,-75.4893661,La Estrella,Comuna Palogrande,Perímetro Urbano Manizales
39413,5.0485505,-75.4806762,,Comuna Ecoturística Cerro de Oro,Perímetro Urbano Manizales
39415,5.059208,-75.4894544,La Estrella,Comuna Palogrande,Perímetro Urbano Manizales
39417,5.0592284,-75.4894787,La Estrella,Comuna Palogrande,Perímetro Urbano Manizales
39419,5.0725862,-75.4869421,Sinaí,Comuna Nuevo Horizonte,Perímetro Urbano Manizales
39420,5.0726272,-75.4868573,Sinaí,Comuna Nuevo Horizonte,Perímetro Urbano Manizales
39422,5.0725862,-75.4869421,Sinaí,Comuna Nuevo Horizonte,Perímetro Urbano Manizales
39423,5.0726108,-75.4869046,Sinaí,Comuna Nuevo Horizonte,Perímetro Urbano Manizales
39424,5.0726079,-75.486845,Sinaí,Comuna Nuevo Horizonte,Perímetro Urbano Manizales
39425,5.0590998,-75.4894126,La Estrella,Comuna Palogrande,Perímetro Urbano Manizales
39436,5.0592216,-75.4894692,La Estrella,Comuna Palogrande,Perímetro Urbano Manizales
39429,5.0592338,-75.4894814,La Estrella,Comuna Palogrande,Perímetro Urbano Manizales
39430,5.059227,-75.4894711,La Estrella,Comuna Palogrande,Perímetro Urbano Manizales
39431,5.0592365,-75.489482,La Estrella,Comuna Palogrande,Perímetro Urbano Manizales
39432,5.059113,-75.4894054,La Estrella,Comuna Palogrande,Perímetro Urbano Manizales
39437,5.0540178,-75.4986119,Fátima,Comuna Universitaria,Perímetro Urbano Manizales
39433,5.0591041,-75.4893869,La Estrella,Comuna Palogrande,Perímetro Urbano Manizales
39434,5.0592324,-75.4894821,La Estrella,Comuna Palogrande,Perímetro Urbano Manizales
39435,5.0592322,-75.4894837,La Estrella,Comuna Palogrande,Perímetro Urbano Manizales
39439,5.0726703,-75.4868525,Sinaí,Comuna Nuevo Horizonte,Perímetro Urbano Manizales
39441,5.0726703,-75.4868525,Sinaí,Comuna Nuevo Horizonte,Perímetro Urbano Manizales
39444,5.0725848,-75.4869506,Sinaí,Comuna Nuevo Horizonte,Perímetro Urbano Manizales
39453,5.0725848,-75.4869506,Sinaí,Comuna Nuevo Horizonte,Perímetro Urbano Manizales
39452,5.0725848,-75.4869506,Sinaí,Comuna Nuevo Horizonte,Perímetro Urbano Manizales
39456,5.0539906,-75.4986626,Fátima,Comuna Universitaria,Perímetro Urbano Manizales
39457,5.0592381,-75.4894807,La Estrella,Comuna Palogrande,Perímetro Urbano Manizales
39458,5.0540541,-75.4986401,Betania,Comuna Universitaria,Perímetro Urbano Manizales
39459,5.0726074,-75.4868845,Sinaí,Comuna Nuevo Horizonte,Perímetro Urbano Manizales
39461,5.0592002,-75.489451,La Estrella,Comuna Palogrande,Perímetro Urbano Manizales
39462,5.0591067,-75.4894217,La Estrella,Comuna Palogrande,Perímetro Urbano Manizales
39463,5.0591876,-75.4894564,La Estrella,Comuna Palogrande,Perímetro Urbano Manizales
39464,5.0590718,-75.4893921,La Estrella,Comuna Palogrande,Perímetro Urbano Manizales
39466,5.0726074,-75.4868845,Sinaí,Comuna Nuevo Horizonte,Perímetro Urbano Manizales
39467,5.0592258,-75.4894752,La Estrella,Comuna Palogrande,Perímetro Urbano Manizales
39470,5.0726074,-75.4868845,Sinaí,Comuna Nuevo Horizonte,Perímetro Urbano Manizales
39472,5.0680031,-75.5272938,Los Alcázares,Comuna Atardeceres,Perímetro Urbano Manizales
39473,5.0726415,-75.4868219,Sinaí,Comuna Nuevo Horizonte,Perímetro Urbano Manizales
39474,5.0726161,-75.4869819,Sinaí,Comuna Nuevo Horizonte,Perímetro Urbano Manizales
39477,5.0726161,-75.4869819,Sinaí,Comuna Nuevo Horizonte,Perímetro Urbano Manizales
39478,5.0592232,-75.4894721,La Estrella,Comuna Palogrande,Perímetro Urbano Manizales
39479,5.0679461,-75.5272473,Los Alcázares,Comuna Atardeceres,Perímetro Urbano Manizales
39480,5.0680217,-75.5272576,Los Alcázares,Comuna Atardeceres,Perímetro Urbano Manizales
39484,5.0679139,-75.5272253,Los Alcázares,Comuna Atardeceres,Perímetro Urbano Manizales
39485,5.0592388,-75.4894703,La Estrella,Comuna Palogrande,Perímetro Urbano Manizales
39488,5.0592166,-75.4894689,La Estrella,Comuna Palogrande,Perímetro Urbano Manizales
39486,5.0680377,-75.527255,Los Alcázares,Comuna Atardeceres,Perímetro Urbano Manizales
39487,5.0679825,-75.5272678,Los Alcázares,Comuna Atardeceres,Perímetro Urbano Manizales
39489,5.0667067,-75.524465,Los Agustinos,Comuna Cumanday,Perímetro Urbano Manizales
39490,5.0666334,-75.5244687,Los Agustinos,Comuna Cumanday,Perímetro Urbano Manizales
39491,5.0725888,-75.4869461,Sinaí,Comuna Nuevo Horizonte,Perímetro Urbano Manizales
39493,5.0726424,-75.4869825,Sinaí,Comuna Nuevo Horizonte,Perímetro Urbano Manizales
39517,5.053951,-75.498721,Fátima,Comuna Universitaria,Perímetro Urbano Manizales
39496,5.0726424,-75.4869825,Sinaí,Comuna Nuevo Horizonte,Perímetro Urbano Manizales
39497,5.0726424,-75.4869825,Sinaí,Comuna Nuevo Horizonte,Perímetro Urbano Manizales
39498,5.0726424,-75.4869825,Sinaí,Comuna Nuevo Horizonte,Perímetro Urbano Manizales
39499,5.0726424,-75.4869825,Sinaí,Comuna Nuevo Horizonte,Perímetro Urbano Manizales
39503,5.0726424,-75.4869825,Sinaí,Comuna Nuevo Horizonte,Perímetro Urbano Manizales
39504,5.0539778,-75.4987457,Fátima,Comuna Universitaria,Perímetro Urbano Manizales
39505,5.0540101,-75.4987474,Fátima,Comuna Universitaria,Perímetro Urbano Manizales
39507,5.053974,-75.4987243,Fátima,Comuna Universitaria,Perímetro Urbano Manizales
39508,5.0592211,-75.4894619,La Estrella,Comuna Palogrande,Perímetro Urbano Manizales
39509,5.0539702,-75.498722,Fátima,Comuna Universitaria,Perímetro Urbano Manizales
39512,5.0539702,-75.498722,Fátima,Comuna Universitaria,Perímetro Urbano Manizales
39514,5.0539702,-75.498722,Fátima,Comuna Universitaria,Perímetro Urbano Manizales
39518,5.0539702,-75.498722,Fátima,Comuna Universitaria,Perímetro Urbano Manizales
40309,5.0592037,-75.4894184,La Estrella,Comuna Palogrande,Perímetro Urbano Manizales
39776,5.0722637,-75.5198702,Las Americas,Comuna Cumanday,Perímetro Urbano Manizales
39779,5.0592206,-75.4894536,La Estrella,Comuna Palogrande,Perímetro Urbano Manizales
39796,5.0592237,-75.4894629,La Estrella,Comuna Palogrande,Perímetro Urbano Manizales
39855,5.0592222,-75.4894521,La Estrella,Comuna Palogrande,Perímetro Urbano Manizales
39931,5.0592227,-75.4894712,La Estrella,Comuna Palogrande,Perímetro Urbano Manizales
39932,5.0592248,-75.4894587,La Estrella,Comuna Palogrande,Perímetro Urbano Manizales
40006,5.0592313,-75.4894321,La Estrella,Comuna Palogrande,Perímetro Urbano Manizales
40012,5.0592496,-75.4894519,La Estrella,Comuna Palogrande,Perímetro Urbano Manizales
40019,5.0592473,-75.4894509,La Estrella,Comuna Palogrande,Perímetro Urbano Manizales
40095,5.0592258,-75.4894434,La Estrella,Comuna Palogrande,Perímetro Urbano Manizales
40196,5.0592418,-75.4894494,La Estrella,Comuna Palogrande,Perímetro Urbano Manizales
40200,5.0592025,-75.4894469,La Estrella,Comuna Palogrande,Perímetro Urbano Manizales
40210,5.0592025,-75.4894469,La Estrella,Comuna Palogrande,Perímetro Urbano Manizales
40213,5.0592441,-75.4894475,La Estrella,Comuna Palogrande,Perímetro Urbano Manizales
40220,5.0592143,-75.4894323,La Estrella,Comuna Palogrande,Perímetro Urbano Manizales
40224,5.0592143,-75.4894323,La Estrella,Comuna Palogrande,Perímetro Urbano Manizales
40229,5.0592143,-75.4894323,La Estrella,Comuna Palogrande,Perímetro Urbano Manizales
40230,5.059196,-75.4894518,La Estrella,Comuna Palogrande,Perímetro Urbano Manizales
40251,5.0592474,-75.4894573,La Estrella,Comuna Palogrande,Perímetro Urbano Manizales
40324,5.0592413,-75.4894451,La Estrella,Comuna Palogrande,Perímetro Urbano Manizales
40350,5.0591702,-75.489437,La Estrella,Comuna Palogrande,Perímetro Urbano Manizales
40353,5.0592204,-75.4894499,La Estrella,Comuna Palogrande,Perímetro Urbano Manizales
40356,5.0592232,-75.4894395,La Estrella,Comuna Palogrande,Perímetro Urbano Manizales
40355,5.0592232,-75.4894395,La Estrella,Comuna Palogrande,Perímetro Urbano Manizales
40357,5.0592276,-75.4894505,La Estrella,Comuna Palogrande,Perímetro Urbano Manizales
40412,5.0592235,-75.4894619,La Estrella,Comuna Palogrande,Perímetro Urbano Manizales
40537,5.05922,-75.4894614,La Estrella,Comuna Palogrande,Perímetro Urbano Manizales
40538,5.0591894,-75.4894392,La Estrella,Comuna Palogrande,Perímetro Urbano Manizales
40539,5.0591894,-75.4894392,La Estrella,Comuna Palogrande,Perímetro Urbano Manizales
40540,5.0591974,-75.4894363,La Estrella,Comuna Palogrande,Perímetro Urbano Manizales
40541,5.0592083,-75.4894486,La Estrella,Comuna Palogrande,Perímetro Urbano Manizales
40542,5.0592257,-75.4894684,La Estrella,Comuna Palogrande,Perímetro Urbano Manizales
40543,5.0592257,-75.4894684,La Estrella,Comuna Palogrande,Perímetro Urbano Manizales
40544,5.0592257,-75.4894684,La Estrella,Comuna Palogrande,Perímetro Urbano Manizales
40545,5.0592257,-75.4894684,La Estrella,Comuna Palogrande,Perímetro Urbano Manizales
40546,5.05922,-75.4894614,La Estrella,Comuna Palogrande,Perímetro Urbano Manizales
40547,5.05922,-75.4894614,La Estrella,Comuna Palogrande,Perímetro Urbano Manizales
40549,5.07639351,-75.50121473,Altos de Capri,Comuna Ciudadela del Norte,Perímetro Urbano Manizales
40550,5.07639351,-75.50121473,Altos de Capri,Comuna Ciudadela del Norte,Perímetro Urbano Manizales
40551,5.07639351,-75.50121473,Altos de Capri,Comuna Ciudadela del Norte,Perímetro Urbano Manizales
40552,5.07639351,-75.50121473,Altos de Capri,Comuna Ciudadela del Norte,Perímetro Urbano Manizales
40553,5.07639351,-75.50121473,Altos de Capri,Comuna Ciudadela del Norte,Perímetro Urbano Manizales
40577,5.0592169,-75.4894853,La Estrella,Comuna Palogrande,Perímetro Urbano Manizales
